FIPS,,Age-Adjusted Death Rate,,,
0,,46,,,
21193,,125.6,,,
21197,,125.3,,,
2185,,124.9,,,
21189,,118.5,,,
12125,,113.5,,,
21147,,111.1,,,
21131,,110.3,,,
21159,,109.1,,,
21165,,106,,,
21109,,104.6,,,
5111,,103.5,,,
47139,,103.3,,,
21071,,98.7,,,
21045,,98.5,,,
29123,,98.5,,,
29133,,97.2,,,
21051,,96.5,,,
2180,,96.1,,,
21133,,96.1,,,
21235,,95.6,,,
21095,,95.3,,,
54045,,95.1,,,
47151,,94.9,,,
21183,,94.6,,,
21023,,92.7,,,
21115,,92.5,,,
29035,,92.3,,,
21223,,91.9,,,
5107,,90.8,,,
21129,,90.8,,,
29155,,90.5,,,
21099,,90.2,,,
21181,,89.6,,,
21103,,89.3,,,
21203,,89.2,,,
48461,,89.1,,,
47005,,89,,,
21075,,88.9,,,
47095,,88.9,,,
21033,,88,,,
21085,,87.9,,,
29223,,87.9,,,
28089,,87.4,,,
13239,,87.2,,,
21163,,87,,,
47013,,86.8,,,
21161,,86.6,,,
47153,,86.6,,,
54047,,86.6,,,
21119,,85.9,,,
21121,,85.9,,,
51105,,85.9,,,
21195,,85.4,,,
21127,,85.1,,,
47133,,84.8,,,
28081,,84.5,,,
29143,,84.5,,,
21171,,84.3,,,
51530,,84.3,,,
47025,,84.2,,,
12077,,84.1,,,
21207,,84.1,,,
21135,,84.1,,,
47029,,84.1,,,
21169,,84,,,
21077,,83.8,,,
26011,,83.8,,,
29083,,83.6,,,
5067,,83.5,,,
21065,,83.5,,,
5061,,83.1,,,
54059,,83.1,,,
47049,,83,,,
27087,,82.7,,,
5075,,82.3,,,
29181,,82,,,
47061,,81.9,,,
51690,,81.9,,,
21213,,81.7,,,
21139,,81.6,,,
21217,,81.6,,,
40127,,81.6,,,
47101,,81.6,,,
21175,,81.5,,,
29103,,81.5,,,
54085,,81.5,,,
54005,,81.5,,,
21091,,81.4,,,
47159,,81.4,,,
13035,,81.3,,,
18143,,81.2,,,
29069,,81.2,,,
29221,,81.1,,,
40029,,81.1,,,
54101,,81,,,
47083,,80.8,,,
18115,,80.6,,,
21221,,80.6,,,
29119,,80.6,,,
47021,,80.6,,,
21053,,80.5,,,
48315,,80.3,,,
17065,,80.2,,,
5021,,80.1,,,
20019,,80.1,,,
18155,,80,,,
21027,,80,,,
54109,,80,,,
18165,,79.9,,,
47087,,79.9,,,
1127,,79.8,,,
22087,,79.8,,,
21079,,79.6,,,
21231,,79.5,,,
51173,,79.5,,,
13083,,79.3,,,
18007,,79.3,,,
13267,,79.1,,,
54013,,79,,,
21055,,78.8,,,
47097,,78.7,,,
5105,,78.5,,,
28161,,78.4,,,
12067,,78.3,,,
29023,,78.3,,,
21225,,78.2,,,
28117,,78.2,,,
17039,,78.1,,,
21059,,78.1,,,
21005,,78,,,
21141,,77.8,,,
47109,,77.8,,,
12037,,77.7,,,
21237,,77.6,,,
40063,,77.6,,,
13233,,77.5,,,
47143,,77.5,,,
47111,,77.5,,,
21011,,77.4,,,
12075,,77.3,,,
21177,,77.3,,,
29177,,77.3,,,
47135,,77.3,,,
54043,,77.3,,,
28039,,76.9,,,
5073,,76.8,,,
22021,,76.8,,,
38039,,76.8,,,
29187,,76.7,,,
47079,,76.7,,,
51001,,76.7,,,
21031,,76.6,,,
28155,,76.6,,,
40035,,76.6,,,
51520,,76.6,,,
13295,,76.4,,,
18133,,76.4,,,
47085,,76.4,,,
12129,,76.3,,,
48211,,76.3,,,
2150,,76.2,,,
47173,,76.2,,,
5099,,76.1,,,
21007,,76.1,,,
47039,,76.1,,,
5149,,76,,,
13143,,76,,,
18123,,76,,,
28077,,76,,,
21073,,75.9,,,
28013,,75.9,,,
13003,,75.8,,,
5037,,75.7,,,
20207,,75.6,,,
54073,,75.6,,,
40079,,75.4,,,
5059,,75.3,,,
18149,,75.3,,,
37093,,75.3,,,
12003,,75.2,,,
29025,,75.2,,,
48407,,75.2,,,
39015,,75.1,,,
29055,,75,,,
51195,,75,,,
13161,,74.9,,,
16079,,74.8,,,
21199,,74.7,,,
48455,,74.7,,,
47167,,74.6,,,
13055,,74.5,,,
39001,,74.5,,,
17181,,74.4,,,
21125,,74.4,,,
54053,,74.4,,,
17153,,74.3,,,
47073,,74.3,,,
28043,,74.2,,,
29129,,74.2,,,
13129,,74.1,,,
13025,,74.1,,,
17059,,74.1,,,
5039,,74,,,
40013,,74,,,
40115,,74,,,
40101,,74,,,
47121,,74,,,
21013,,73.9,,,
45029,,73.9,,,
12029,,73.8,,,
21151,,73.8,,,
28107,,73.8,,,
29201,,73.8,,,
17055,,73.7,,,
21233,,73.7,,,
22111,,73.6,,,
28079,,73.6,,,
45033,,73.6,,,
51131,,73.6,,,
21043,,73.5,,,
54019,,73.5,,,
47123,,73.4,,,
48373,,73.4,,,
21025,,73.2,,,
39145,,73.2,,,
47081,,73.2,,,
5091,,73.1,,,
21009,,73,,,
21153,,73,,,
47057,,73,,,
21083,,72.8,,,
26079,,72.7,,,
55001,,72.7,,,
22035,,72.6,,,
29125,,72.6,,,
47181,,72.6,,,
5089,,72.5,,,
5115,,72.5,,,
29017,,72.5,,,
17017,,72.4,,,
40133,,72.4,,,
5085,,72.3,,,
1075,,72.2,,,
5035,,72.2,,,
38079,,72.2,,,
40049,,72.2,,,
47059,,72.2,,,
51073,,72.2,,,
22115,,72.1,,,
1039,,71.9,,,
13225,,71.9,,,
21089,,71.9,,,
40111,,71.9,,,
47117,,71.9,,,
47041,,71.9,,,
28131,,71.8,,,
37185,,71.8,,,
5117,,71.7,,,
12041,,71.7,,,
20093,,71.7,,,
22043,,71.7,,,
47129,,71.7,,,
5139,,71.6,,,
21137,,71.6,,,
29099,,71.6,,,
51051,,71.6,,,
47131,,71.5,,,
18041,,71.4,,,
20061,,71.4,,,
19135,,71.3,,,
1061,,71.2,,,
29207,,71.2,,,
54103,,71.2,,,
12107,,71.1,,,
47145,,71.1,,,
5095,,70.9,,,
2130,,70.8,,,
13195,,70.8,,,
22123,,70.8,,,
37053,,70.8,,,
47171,,70.8,,,
13171,,70.7,,,
18071,,70.7,,,
22049,,70.7,,,
45069,,70.7,,,
22039,,70.6,,,
39059,,70.6,,,
40023,,70.6,,,
54015,,70.6,,,
5023,,70.5,,,
13229,,70.5,,,
18025,,70.5,,,
21061,,70.5,,,
48343,,70.5,,,
5083,,70.4,,,
13301,,70.4,,,
24039,,70.4,,,
29117,,70.4,,,
40135,,70.4,,,
5093,,70.2,,,
5013,,70.2,,,
5017,,70.2,,,
5047,,70.1,,,
22053,,70.1,,,
28093,,70.1,,,
40091,,70.1,,,
48001,,70.1,,,
1079,,70,,,
18049,,70,,,
28109,,70,,,
29197,,70,,,
1133,,69.9,,,
5121,,69.9,,,
21041,,69.9,,,
40061,,69.9,,,
47115,,69.9,,,
48337,,69.9,,,
13213,,69.7,,,
18117,,69.7,,,
5055,,69.6,,,
5145,,69.6,,,
18175,,69.6,,,
21205,,69.6,,,
39119,,69.6,,,
17193,,69.5,,,
17199,,69.5,,,
17165,,69.5,,,
18055,,69.5,,,
47161,,69.5,,,
48391,,69.5,,,
17151,,69.4,,,
18073,,69.4,,,
29229,,69.4,,,
48291,,69.4,,,
48059,,69.4,,,
12093,,69.3,,,
21093,,69.3,,,
28137,,69.3,,,
17021,,69.2,,,
45025,,69.2,,,
51183,,69.2,,,
1027,,69.1,,,
5135,,69.1,,,
21155,,69.1,,,
37027,,69.1,,,
51097,,69,,,
1037,,68.9,,,
28057,,68.9,,,
29111,,68.9,,,
39125,,68.9,,,
48429,,68.9,,,
51730,,68.9,,,
13163,,68.8,,,
47027,,68.8,,,
17081,,68.7,,,
21173,,68.7,,,
47063,,68.7,,,
12059,,68.6,,,
22001,,68.6,,,
13155,,68.5,,,
17135,,68.5,,,
54091,,68.5,,,
12013,,68.4,,,
21087,,68.4,,,
29131,,68.4,,,
5011,,68.3,,,
47099,,68.3,,,
26001,,68.2,,,
39027,,68.2,,,
47107,,68.2,,,
13029,,68.1,,,
21149,,68.1,,,
51127,,68.1,,,
18103,,68,,,
42053,,68,,,
5071,,67.9,,,
12121,,67.9,,,
17127,,67.9,,,
21057,,67.9,,,
29169,,67.9,,,
32023,,67.9,,,
47077,,67.9,,,
1007,,67.8,,,
5001,,67.8,,,
18095,,67.8,,,
21003,,67.8,,,
29045,,67.8,,,
29113,,67.8,,,
37171,,67.8,,,
39087,,67.8,,,
39131,,67.8,,,
1055,,67.7,,,
16009,,67.7,,,
28083,,67.7,,,
39047,,67.7,,,
45087,,67.7,,,
47067,,67.7,,,
17121,,67.6,,,
12133,,67.5,,,
18139,,67.5,,,
21101,,67.5,,,
28047,,67.5,,,
20209,,67.4,,,
21191,,67.4,,,
21049,,67.4,,,
22117,,67.4,,,
5069,,67.3,,,
18019,,67.3,,,
21037,,67.3,,,
28023,,67.3,,,
21167,,67.2,,,
39053,,67.2,,,
47019,,67.2,,,
51169,,67.2,,,
51750,,67.2,,,
22091,,67.1,,,
26039,,67.1,,,
28135,,67.1,,,
40037,,67.1,,,
47043,,67.1,,,
1053,,67,,,
5025,,67,,,
22047,,67,,,
5043,,66.9,,,
5053,,66.9,,,
26165,,66.9,,,
40099,,66.9,,,
12123,,66.8,,,
13209,,66.8,,,
26085,,66.8,,,
37173,,66.8,,,
22009,,66.7,,,
29015,,66.7,,,
39071,,66.7,,,
1095,,66.6,,,
19123,,66.6,,,
21107,,66.6,,,
29185,,66.6,,,
30065,,66.6,,,
51670,,66.6,,,
12005,,66.5,,,
13005,,66.5,,,
48281,,66.5,,,
17101,,66.4,,,
17191,,66.4,,,
18109,,66.4,,,
21105,,66.4,,,
22063,,66.4,,,
40021,,66.4,,,
40081,,66.4,,,
22045,,66.3,,,
39073,,66.3,,,
54067,,66.3,,,
28011,,66.2,,,
29510,,66.2,,,
39079,,66.2,,,
51580,,66.2,,,
1051,,66.1,,,
22025,,66.1,,,
22127,,66.1,,,
28119,,66.1,,,
31163,,66.1,,,
40075,,66.1,,,
1021,,66,,,
17003,,66,,,
18093,,66,,,
26135,,66,,,
5129,,65.9,,,
13079,,65.9,,,
36075,,65.9,,,
37103,,65.9,,,
40121,,65.9,,,
1059,,65.8,,,
12007,,65.8,,,
13103,,65.8,,,
18017,,65.8,,,
28129,,65.8,,,
18111,,65.7,,,
29173,,65.7,,,
47185,,65.7,,,
29141,,65.6,,,
29115,,65.6,,,
40089,,65.6,,,
48405,,65.6,,,
21227,,65.5,,,
37169,,65.5,,,
51007,,65.5,,,
36073,,65.4,,,
40015,,65.4,,,
47045,,65.4,,,
51167,,65.4,,,
1047,,65.3,,,
1129,,65.3,,,
21019,,65.3,,,
51770,,65.3,,,
12045,,65.2,,,
47137,,65.2,,,
54057,,65.2,,,
54087,,65.2,,,
54055,,65.2,,,
13017,,65.1,,,
18065,,65.1,,,
20107,,65.1,,,
21097,,65.1,,,
21219,,65.1,,,
29021,,65.1,,,
47147,,65.1,,,
54003,,65.1,,,
1115,,65,,,
13259,,65,,,
18167,,65,,,
18177,,65,,,
21117,,65,,,
29091,,65,,,
40055,,65,,,
5147,,64.9,,,
5101,,64.9,,,
51043,,64.9,,,
13201,,64.8,,,
17183,,64.8,,,
39115,,64.8,,,
47091,,64.8,,,
40071,,64.7,,,
46121,,64.7,,,
47001,,64.7,,,
13149,,64.6,,,
26035,,64.6,,,
39129,,64.6,,,
39031,,64.6,,,
40107,,64.6,,,
51033,,64.6,,,
54041,,64.6,,,
13119,,64.5,,,
13313,,64.5,,,
13131,,64.5,,,
18131,,64.5,,,
21001,,64.5,,,
37153,,64.5,,,
39163,,64.5,,,
51185,,64.5,,,
54039,,64.5,,,
18181,,64.4,,,
20125,,64.4,,,
21081,,64.4,,,
24015,,64.4,,,
47177,,64.4,,,
5005,,64.3,,,
17079,,64.3,,,
18097,,64.3,,,
28123,,64.3,,,
40067,,64.3,,,
47069,,64.3,,,
51595,,64.3,,,
54011,,64.3,,,
12017,,64.2,,,
21179,,64.2,,,
26133,,64.2,,,
41011,,64.2,,,
54099,,64.2,,,
55003,,64.2,,,
18029,,64.1,,,
51071,,64.1,,,
1113,,64,,,
1071,,64,,,
18121,,64,,,
18153,,64,,,
18053,,64,,,
40019,,64,,,
40053,,64,,,
54095,,64,,,
17125,,63.9,,,
39141,,63.9,,,
40097,,63.9,,,
26019,,63.8,,,
28091,,63.7,,,
28017,,63.7,,,
54035,,63.7,,,
1045,,63.6,,,
28035,,63.6,,,
32021,,63.6,,,
37047,,63.6,,,
37165,,63.6,,,
47071,,63.6,,,
5127,,63.5,,,
5109,,63.5,,,
40033,,63.5,,,
51117,,63.5,,,
54027,,63.5,,,
13013,,63.4,,,
29033,,63.4,,,
37145,,63.4,,,
1097,,63.3,,,
13173,,63.3,,,
22013,,63.3,,,
29171,,63.3,,,
29007,,63.3,,,
37121,,63.3,,,
39127,,63.3,,,
39077,,63.3,,,
13015,,63.2,,,
20021,,63.2,,,
1017,,63.1,,,
13257,,63.1,,,
28113,,63.1,,,
36115,,63.1,,,
37071,,63.1,,,
39009,,63.1,,,
48217,,63.1,,,
48231,,63.1,,,
55013,,63.1,,,
19071,,63,,,
28151,,63,,,
45061,,63,,,
13231,,62.9,,,
18061,,62.9,,,
18119,,62.9,,,
22007,,62.9,,,
29065,,62.9,,,
37031,,62.9,,,
5041,,62.8,,,
12023,,62.8,,,
17115,,62.8,,,
26051,,62.8,,,
29175,,62.8,,,
47031,,62.8,,,
20159,,62.7,,,
26031,,62.7,,,
47035,,62.7,,,
48289,,62.7,,,
51077,,62.7,,,
5027,,62.6,,,
5009,,62.6,,,
17035,,62.6,,,
53027,,62.6,,,
5051,,62.5,,,
18079,,62.5,,,
29186,,62.5,,,
30035,,62.5,,,
21047,,62.4,,,
22105,,62.4,,,
28125,,62.4,,,
54029,,62.4,,,
17071,,62.3,,,
17083,,62.3,,,
22059,,62.3,,,
51125,,62.3,,,
13177,,62.2,,,
18045,,62.2,,,
18023,,62.2,,,
23003,,62.2,,,
28051,,62.2,,,
39101,,62.2,,,
5131,,62.1,,,
13157,,62.1,,,
13043,,62.1,,,
17129,,62.1,,,
45067,,62.1,,,
47053,,62.1,,,
13071,,62,,,
22073,,62,,,
24019,,62,,,
26153,,62,,,
29085,,62,,,
29013,,62,,,
5077,,61.9,,,
20183,,61.9,,,
26075,,61.9,,,
29217,,61.9,,,
40095,,61.9,,,
48361,,61.9,,,
51191,,61.9,,,
5033,,61.8,,,
13085,,61.8,,,
20139,,61.8,,,
24510,,61.8,,,
28027,,61.8,,,
45023,,61.8,,,
47155,,61.8,,,
48083,,61.8,,,
51057,,61.8,,,
1131,,61.7,,,
12113,,61.6,,,
29153,,61.6,,,
45059,,61.6,,,
48093,,61.6,,,
17169,,61.5,,,
19155,,61.5,,,
21039,,61.5,,,
22099,,61.5,,,
37133,,61.5,,,
54033,,61.5,,,
1043,,61.4,,,
13263,,61.4,,,
54007,,61.4,,,
1005,,61.3,,,
5045,,61.3,,,
28059,,61.3,,,
37057,,61.3,,,
39025,,61.3,,,
51005,,61.3,,,
1033,,61.2,,,
22097,,61.2,,,
26137,,61.2,,,
32019,,61.2,,,
47125,,61.2,,,
47183,,61.2,,,
21069,,61.1,,,
23029,,61.1,,,
1121,,61,,,
13283,,61,,,
32027,,61,,,
37023,,61,,,
47119,,61,,,
47017,,61,,,
13095,,60.9,,,
21157,,60.9,,,
23017,,60.9,,,
29105,,60.9,,,
40125,,60.9,,,
2261,,60.8,,,
23001,,60.8,,,
28025,,60.8,,,
17047,,60.7,,,
26123,,60.7,,,
29097,,60.7,,,
39023,,60.7,,,
54049,,60.7,,,
13275,,60.6,,,
13183,,60.6,,,
21123,,60.6,,,
21229,,60.6,,,
26049,,60.6,,,
28001,,60.6,,,
48457,,60.6,,,
53051,,60.6,,,
1103,,60.5,,,
13075,,60.5,,,
17087,,60.5,,,
21111,,60.5,,,
28127,,60.5,,,
54107,,60.5,,,
5133,,60.4,,,
22037,,60.4,,,
23019,,60.4,,,
28115,,60.4,,,
37163,,60.4,,,
1105,,60.3,,,
36089,,60.3,,,
48073,,60.3,,,
51740,,60.3,,,
1035,,60.2,,,
18013,,60.2,,,
26141,,60.2,,,
37157,,60.2,,,
37085,,60.2,,,
37151,,60.2,,,
40039,,60.2,,,
48503,,60.2,,,
48213,,60.2,,,
13023,,60.1,,,
13099,,60.1,,,
17179,,60.1,,,
17143,,60.1,,,
21015,,60.1,,,
26143,,60.1,,,
28015,,60.1,,,
29009,,60.1,,,
39089,,60.1,,,
40123,,60.1,,,
40087,,60.1,,,
48207,,60.1,,,
51119,,60.1,,,
56005,,60.1,,,
13165,,60,,,
36101,,60,,,
37177,,60,,,
39091,,60,,,
39007,,60,,,
40069,,60,,,
42059,,60,,,
48419,,60,,,
48203,,60,,,
1015,,59.9,,,
1009,,59.9,,,
6015,,59.9,,,
13069,,59.9,,,
17117,,59.9,,,
22057,,59.9,,,
28003,,59.9,,,
32001,,59.9,,,
42051,,59.9,,,
47055,,59.9,,,
48379,,59.9,,,
48349,,59.9,,,
54097,,59.9,,,
21029,,59.8,,,
24047,,59.8,,,
28133,,59.8,,,
51139,,59.8,,,
54081,,59.8,,,
1029,,59.7,,,
17185,,59.7,,,
17045,,59.7,,,
19111,,59.7,,,
21113,,59.7,,,
24045,,59.7,,,
28063,,59.7,,,
30091,,59.7,,,
41019,,59.7,,,
45015,,59.7,,,
47163,,59.7,,,
48347,,59.7,,,
51109,,59.7,,,
22029,,59.6,,,
28163,,59.6,,,
29179,,59.6,,,
47169,,59.6,,,
13217,,59.5,,,
21209,,59.5,,,
21143,,59.5,,,
22085,,59.5,,,
22011,,59.5,,,
26147,,59.5,,,
28029,,59.5,,,
37139,,59.5,,,
46019,,59.5,,,
45089,,59.4,,,
1001,,59.3,,,
5063,,59.3,,,
13107,,59.3,,,
13305,,59.3,,,
26033,,59.3,,,
29049,,59.3,,,
30097,,59.3,,,
37005,,59.3,,,
13081,,59.2,,,
16039,,59.2,,,
18059,,59.2,,,
18005,,59.2,,,
26117,,59.2,,,
37045,,59.2,,,
37041,,59.2,,,
48267,,59.2,,,
48035,,59.2,,,
51049,,59.2,,,
55077,,59.2,,,
4015,,59.1,,,
13021,,59.1,,,
18135,,59.1,,,
26059,,59.1,,,
31029,,59.1,,,
36023,,59.1,,,
37013,,59.1,,,
48483,,59.1,,,
51155,,59.1,,,
2280,,59,,,
5079,,59,,,
13045,,59,,,
20037,,59,,,
21215,,59,,,
26155,,59,,,
50011,,59,,,
26025,,58.9,,,
26129,,58.9,,,
26159,,58.9,,,
29061,,58.9,,,
37069,,58.9,,,
41041,,58.9,,,
48353,,58.9,,,
12033,,58.8,,,
22005,,58.8,,,
22089,,58.8,,,
26013,,58.8,,,
36097,,58.8,,,
47015,,58.8,,,
48067,,58.8,,,
48133,,58.8,,,
48147,,58.8,,,
31021,,58.7,,,
39081,,58.7,,,
40147,,58.7,,,
48037,,58.7,,,
5003,,58.6,,,
8099,,58.6,,,
13279,,58.6,,,
18101,,58.6,,,
18035,,58.6,,,
19057,,58.6,,,
22107,,58.6,,,
28111,,58.6,,,
29127,,58.6,,,
40065,,58.6,,,
45055,,58.6,,,
1111,,58.5,,,
5087,,58.5,,,
12019,,58.5,,,
17119,,58.5,,,
18077,,58.5,,,
21063,,58.5,,,
28033,,58.5,,,
29093,,58.5,,,
37193,,58.5,,,
37159,,58.5,,,
39017,,58.5,,,
45051,,58.5,,,
48335,,58.5,,,
18021,,58.4,,,
19039,,58.4,,,
22003,,58.4,,,
26121,,58.4,,,
29057,,58.4,,,
36083,,58.4,,,
37155,,58.4,,,
37101,,58.4,,,
48363,,58.4,,,
1057,,58.3,,,
2050,,58.3,,,
28099,,58.3,,,
40117,,58.3,,,
42101,,58.3,,,
5137,,58.2,,,
13087,,58.2,,,
36037,,58.2,,,
37191,,58.2,,,
40031,,58.2,,,
47033,,58.2,,,
20043,,58.1,,,
22019,,58.1,,,
28159,,58.1,,,
29005,,58.1,,,
37111,,58.1,,,
48099,,58.1,,,
37127,,58,,,
18125,,57.9,,,
23025,,57.9,,,
37113,,57.9,,,
39065,,57.9,,,
45021,,57.9,,,
48499,,57.9,,,
48293,,57.9,,,
54065,,57.9,,,
55031,,57.9,,,
1065,,57.8,,,
5113,,57.8,,,
18137,,57.8,,,
26073,,57.8,,,
29203,,57.8,,,
40041,,57.8,,,
48351,,57.8,,,
13317,,57.7,,,
17201,,57.7,,,
18075,,57.7,,,
26163,,57.7,,,
39135,,57.7,,,
48475,,57.7,,,
51111,,57.7,,,
13189,,57.6,,,
36041,,57.6,,,
39067,,57.6,,,
45001,,57.6,,,
46087,,57.6,,,
48459,,57.6,,,
48023,,57.6,,,
48089,,57.6,,,
1107,,57.5,,,
5141,,57.5,,,
22083,,57.5,,,
48467,,57.5,,,
17069,,57.4,,,
28147,,57.4,,,
12101,,57.3,,,
12089,,57.3,,,
23011,,57.3,,,
28007,,57.3,,,
42035,,57.3,,,
46053,,57.3,,,
47007,,57.3,,,
47075,,57.3,,,
51700,,57.3,,,
51760,,57.3,,,
13289,,57.2,,,
18163,,57.2,,,
19153,,57.2,,,
37039,,57.2,,,
48179,,57.2,,,
50005,,57.2,,,
1081,,57.1,,,
12091,,57.1,,,
17073,,57.1,,,
17187,,57.1,,,
18047,,57.1,,,
19029,,57.1,,,
21035,,57.1,,,
22109,,57.1,,,
28095,,57.1,,,
47037,,57.1,,,
10001,,57,,,
13251,,57,,,
26053,,57,,,
26115,,57,,,
28097,,57,,,
29163,,57,,,
37049,,57,,,
13319,,56.9,,,
18031,,56.9,,,
21021,,56.9,,,
22125,,56.9,,,
26105,,56.9,,,
29219,,56.9,,,
30061,,56.9,,,
37079,,56.9,,,
41033,,56.9,,,
48367,,56.9,,,
48071,,56.9,,,
50017,,56.9,,,
1077,,56.8,,,
13031,,56.8,,,
13245,,56.8,,,
17163,,56.8,,,
28149,,56.8,,,
30053,,56.8,,,
37019,,56.8,,,
37131,,56.8,,,
13197,,56.7,,,
13169,,56.7,,,
17159,,56.7,,,
17195,,56.7,,,
24011,,56.7,,,
26095,,56.7,,,
29039,,56.7,,,
38067,,56.7,,,
39133,,56.7,,,
40051,,56.7,,,
47011,,56.7,,,
48385,,56.7,,,
51187,,56.7,,,
5081,,56.6,,,
12083,,56.6,,,
18011,,56.6,,,
26087,,56.6,,,
28143,,56.6,,,
29031,,56.6,,,
37051,,56.6,,,
39039,,56.6,,,
42105,,56.6,,,
48007,,56.6,,,
48021,,56.6,,,
48365,,56.6,,,
13293,,56.5,,,
13281,,56.5,,,
17099,,56.5,,,
19175,,56.5,,,
22113,,56.5,,,
23027,,56.5,,,
39155,,56.5,,,
40043,,56.5,,,
42121,,56.5,,,
48181,,56.5,,,
13153,,56.4,,,
19073,,56.4,,,
28087,,56.4,,,
36033,,56.4,,,
40077,,56.4,,,
47003,,56.4,,,
48357,,56.4,,,
51027,,56.4,,,
1067,,56.3,,,
1049,,56.3,,,
13001,,56.3,,,
19007,,56.3,,,
19013,,56.3,,,
20147,,56.3,,,
22095,,56.3,,,
23021,,56.3,,,
36063,,56.3,,,
37161,,56.3,,,
37007,,56.3,,,
39175,,56.3,,,
39113,,56.3,,,
45041,,56.3,,,
48129,,56.3,,,
13205,,56.2,,,
18145,,56.2,,,
19019,,56.2,,,
21017,,56.2,,,
27095,,56.2,,,
28141,,56.2,,,
36053,,56.2,,,
36015,,56.2,,,
39021,,56.2,,,
39143,,56.2,,,
39139,,56.2,,,
45011,,56.2,,,
45031,,56.2,,,
1069,,56.1,,,
17023,,56.1,,,
17029,,56.1,,,
20049,,56.1,,,
20099,,56.1,,,
20085,,56.1,,,
26119,,56.1,,,
27151,,56.1,,,
29215,,56.1,,,
48251,,56.1,,,
6033,,56,,,
13105,,56,,,
13065,,56,,,
18027,,56,,,
20007,,56,,,
28067,,56,,,
37073,,56,,,
40113,,56,,,
51590,,56,,,
51650,,56,,,
1083,,55.9,,,
13237,,55.9,,,
13193,,55.9,,,
18091,,55.9,,,
27011,,55.9,,,
29059,,55.9,,,
40109,,55.9,,,
47093,,55.9,,,
53049,,55.9,,,
54075,,55.9,,,
5103,,55.8,,,
12053,,55.8,,,
17025,,55.8,,,
31173,,55.8,,,
37195,,55.8,,,
37167,,55.8,,,
48485,,55.8,,,
17061,,55.7,,,
29047,,55.7,,,
30099,,55.7,,,
36021,,55.7,,,
39123,,55.7,,,
39061,,55.7,,,
48409,,55.7,,,
48277,,55.7,,,
55107,,55.7,,,
5057,,55.6,,,
21145,,55.6,,,
22119,,55.6,,,
28153,,55.6,,,
29081,,55.6,,,
29079,,55.6,,,
48183,,55.6,,,
51036,,55.6,,,
13115,,55.5,,,
17033,,55.5,,,
19179,,55.5,,,
29145,,55.5,,,
34015,,55.5,,,
39167,,55.5,,,
12009,,55.4,,,
26131,,55.4,,,
39095,,55.4,,,
39085,,55.4,,,
45027,,55.4,,,
47103,,55.4,,,
51099,,55.4,,,
51035,,55.4,,,
6115,,55.3,,,
17063,,55.3,,,
29159,,55.3,,,
29095,,55.3,,,
38073,,55.3,,,
40145,,55.3,,,
47189,,55.3,,,
47179,,55.3,,,
48077,,55.3,,,
20089,,55.2,,,
33001,,55.2,,,
48497,,55.2,,,
1031,,55.1,,,
5029,,55.1,,,
17091,,55.1,,,
19067,,55.1,,,
19107,,55.1,,,
39093,,55.1,,,
45073,,55.1,,,
51143,,55.1,,,
51540,,55.1,,,
12079,,55,,,
13097,,55,,,
17155,,55,,,
28065,,55,,,
42089,,55,,,
45083,,55,,,
46047,,55,,,
51053,,55,,,
13287,,54.9,,,
17067,,54.9,,,
22121,,54.9,,,
26069,,54.9,,,
28053,,54.9,,,
34009,,54.9,,,
37095,,54.9,,,
39109,,54.9,,,
40105,,54.9,,,
47141,,54.9,,,
55113,,54.9,,,
13109,,54.8,,,
20041,,54.8,,,
22017,,54.8,,,
33007,,54.8,,,
5119,,54.7,,,
18113,,54.7,,,
37105,,54.7,,,
48257,,54.7,,,
51089,,54.7,,,
55057,,54.7,,,
13175,,54.6,,,
29211,,54.6,,,
39111,,54.6,,,
54105,,54.6,,,
1123,,54.5,,,
13181,,54.5,,,
18107,,54.5,,,
28101,,54.5,,,
39159,,54.5,,,
40073,,54.5,,,
45009,,54.5,,,
48167,,54.5,,,
54009,,54.5,,,
55105,,54.5,,,
1125,,54.4,,,
5123,,54.4,,,
12131,,54.4,,,
13019,,54.4,,,
16087,,54.4,,,
20031,,54.4,,,
29071,,54.4,,,
39033,,54.4,,,
39011,,54.4,,,
39043,,54.4,,,
40137,,54.4,,,
41009,,54.4,,,
45043,,54.4,,,
47051,,54.4,,,
26007,,54.3,,,
26113,,54.3,,,
29027,,54.3,,,
39045,,54.3,,,
51171,,54.3,,,
51790,,54.3,,,
51047,,54.3,,,
17057,,54.2,,,
18043,,54.2,,,
27125,,54.2,,,
30071,,54.2,,,
39117,,54.2,,,
42047,,54.2,,,
45049,,54.2,,,
47009,,54.2,,,
51137,,54.2,,,
51021,,54.2,,,
51029,,54.2,,,
53045,,54.2,,,
12127,,54.1,,,
13277,,54.1,,,
17167,,54.1,,,
22015,,54.1,,,
26057,,54.1,,,
29075,,54.1,,,
29101,,54.1,,,
36039,,54.1,,,
36117,,54.1,,,
42099,,54.1,,,
48027,,54.1,,,
48237,,54.1,,,
1019,,54,,,
2090,,54,,,
13227,,54,,,
13199,,54,,,
16069,,54,,,
18085,,54,,,
24037,,54,,,
29167,,54,,,
37035,,54,,,
39147,,54,,,
42039,,54,,,
45091,,54,,,
51045,,54,,,
2170,,53.9,,,
13167,,53.9,,,
28021,,53.9,,,
36019,,53.9,,,
53015,,53.9,,,
12031,,53.8,,,
18089,,53.8,,,
19097,,53.8,,,
19099,,53.8,,,
26047,,53.8,,,
29199,,53.8,,,
29037,,53.8,,,
48199,,53.8,,,
51011,,53.8,,,
55129,,53.8,,,
13273,,53.7,,,
22079,,53.7,,,
29109,,53.7,,,
39019,,53.7,,,
46015,,53.7,,,
48097,,53.7,,,
51181,,53.7,,,
13091,,53.6,,,
18083,,53.6,,,
18171,,53.6,,,
20013,,53.6,,,
27089,,53.6,,,
48395,,53.6,,,
48051,,53.6,,,
51710,,53.6,,,
13297,,53.5,,,
24043,,53.5,,,
37065,,53.5,,,
39003,,53.5,,,
39049,,53.5,,,
39005,,53.5,,,
41049,,53.5,,,
22101,,53.4,,,
22071,,53.4,,,
24029,,53.4,,,
39099,,53.4,,,
41043,,53.4,,,
42025,,53.4,,,
48063,,53.4,,,
5019,,53.3,,,
20111,,53.3,,,
22093,,53.3,,,
33017,,53.3,,,
12047,,53.2,,,
17103,,53.2,,,
18033,,53.2,,,
19163,,53.2,,,
26021,,53.2,,,
29157,,53.2,,,
36121,,53.2,,,
37107,,53.2,,,
37181,,53.2,,,
38071,,53.2,,,
47157,,53.2,,,
48415,,53.2,,,
55085,,53.2,,,
10005,,53.1,,,
17147,,53.1,,,
30023,,53.1,,,
37199,,53.1,,,
37025,,53.1,,,
46113,,53.1,,,
51081,,53.1,,,
20059,,53,,,
20015,,53,,,
20077,,53,,,
26149,,53,,,
28075,,53,,,
31043,,53,,,
36065,,53,,,
40003,,53,,,
47175,,53,,,
48241,,53,,,
51085,,53,,,
51179,,53,,,
1099,,52.9,,,
12069,,52.9,,,
17107,,52.9,,,
18127,,52.9,,,
20027,,52.9,,,
37067,,52.9,,,
45071,,52.9,,,
48445,,52.9,,,
51177,,52.9,,,
12063,,52.8,,,
13185,,52.8,,,
17145,,52.8,,,
17007,,52.8,,,
26157,,52.8,,,
26027,,52.8,,,
28139,,52.8,,,
39097,,52.8,,,
42107,,52.8,,,
48501,,52.8,,,
48123,,52.8,,,
51680,,52.8,,,
53041,,52.8,,,
54069,,52.8,,,
5143,,52.7,,,
19173,,52.7,,,
22031,,52.7,,,
22069,,52.7,,,
22067,,52.7,,,
36123,,52.7,,,
39037,,52.7,,,
40001,,52.7,,,
42045,,52.7,,,
47105,,52.7,,,
48309,,52.7,,,
55059,,52.7,,,
1013,,52.6,,,
17177,,52.6,,,
17157,,52.6,,,
36029,,52.6,,,
37197,,52.6,,,
40143,,52.6,,,
44003,,52.6,,,
51069,,52.6,,,
55011,,52.6,,,
17095,,52.5,,,
37077,,52.5,,,
45007,,52.5,,,
6105,,52.4,,,
17161,,52.4,,,
18067,,52.4,,,
19177,,52.4,,,
29213,,52.4,,,
36067,,52.4,,,
36091,,52.4,,,
37083,,52.4,,,
42097,,52.4,,,
51135,,52.4,,,
20073,,52.3,,,
22051,,52.3,,,
26107,,52.3,,,
39153,,52.3,,,
39029,,52.3,,,
48049,,52.3,,,
51133,,52.3,,,
51193,,52.3,,,
54017,,52.3,,,
13255,,52.2,,,
18141,,52.2,,,
20001,,52.2,,,
21067,,52.2,,,
26099,,52.2,,,
28103,,52.2,,,
37097,,52.2,,,
41007,,52.2,,,
55081,,52.2,,,
17171,,52.1,,,
18183,,52.1,,,
29195,,52.1,,,
36017,,52.1,,,
37009,,52.1,,,
42073,,52.1,,,
45057,,52.1,,,
46099,,52.1,,,
47113,,52.1,,,
5125,,52,,,
17075,,52,,,
22055,,52,,,
28061,,52,,,
36077,,52,,,
42087,,52,,,
55079,,52,,,
1091,,51.9,,,
13223,,51.9,,,
17111,,51.9,,,
19077,,51.9,,,
21239,,51.9,,,
39151,,51.9,,,
51840,,51.9,,,
18009,,51.8,,,
20169,,51.8,,,
28085,,51.8,,,
31053,,51.8,,,
32510,,51.8,,,
36049,,51.8,,,
37109,,51.8,,,
37001,,51.8,,,
40119,,51.8,,,
40047,,51.8,,,
42125,,51.8,,,
47165,,51.8,,,
48239,,51.8,,,
48403,,51.8,,,
51145,,51.8,,,
51550,,51.8,,,
51009,,51.8,,,
1093,,51.7,,,
13215,,51.7,,,
29161,,51.7,,,
31107,,51.7,,,
31147,,51.7,,,
33019,,51.7,,,
39105,,51.7,,,
41065,,51.7,,,
48411,,51.7,,,
13033,,51.6,,,
20181,,51.6,,,
21185,,51.6,,,
22075,,51.6,,,
28145,,51.6,,,
36105,,51.6,,,
48401,,51.6,,,
53053,,51.6,,,
54037,,51.6,,,
1073,,51.5,,,
12039,,51.5,,,
19087,,51.5,,,
19193,,51.5,,,
19189,,51.5,,,
22103,,51.5,,,
42131,,51.5,,,
45077,,51.5,,,
48387,,51.5,,,
12055,,51.4,,,
20155,,51.4,,,
26101,,51.4,,,
48159,,51.4,,,
55037,,51.4,,,
5049,,51.3,,,
6035,,51.3,,,
13321,,51.3,,,
18147,,51.3,,,
20127,,51.3,,,
26017,,51.3,,,
29053,,51.3,,,
29077,,51.3,,,
40149,,51.3,,,
42003,,51.3,,,
50021,,51.3,,,
12061,,51.2,,,
13309,,51.2,,,
35037,,51.2,,,
36001,,51.2,,,
38093,,51.2,,,
53009,,51.2,,,
53003,,51.2,,,
13027,,51.1,,,
13147,,51.1,,,
20005,,51.1,,,
26067,,51.1,,,
28005,,51.1,,,
37017,,51.1,,,
37141,,51.1,,,
37003,,51.1,,,
39035,,51.1,,,
47089,,51.1,,,
1119,,51,,,
16045,,51,,,
31055,,51,,,
39013,,51,,,
42081,,51,,,
46027,,51,,,
51775,,51,,,
13127,,50.9,,,
36009,,50.9,,,
51820,,50.9,,,
17001,,50.8,,,
19137,,50.8,,,
27021,,50.8,,,
27035,,50.8,,,
41015,,50.8,,,
44007,,50.8,,,
48119,,50.8,,,
51103,,50.8,,,
29139,,50.7,,,
34011,,50.7,,,
36057,,50.7,,,
36003,,50.7,,,
45039,,50.7,,,
54083,,50.7,,,
55137,,50.7,,,
55053,,50.7,,,
12103,,50.6,,,
13285,,50.6,,,
13299,,50.6,,,
20003,,50.6,,,
21187,,50.6,,,
28071,,50.6,,,
42085,,50.6,,,
18063,,50.5,,,
18069,,50.5,,,
19045,,50.5,,,
26103,,50.5,,,
26145,,50.5,,,
30027,,50.5,,,
45035,,50.5,,,
48075,,50.5,,,
55051,,50.5,,,
1089,,50.4,,,
5097,,50.4,,,
17011,,50.4,,,
31025,,50.4,,,
36045,,50.4,,,
41001,,50.4,,,
45047,,50.4,,,
46009,,50.4,,,
48135,,50.4,,,
54051,,50.4,,,
55135,,50.4,,,
55067,,50.4,,,
10003,,50.3,,,
17197,,50.3,,,
20173,,50.3,,,
30013,,50.3,,,
37043,,50.3,,,
40083,,50.3,,,
47149,,50.3,,,
56017,,50.3,,,
13037,,50.2,,,
17137,,50.2,,,
19011,,50.2,,,
37033,,50.2,,,
42083,,50.2,,,
42015,,50.2,,,
48139,,50.2,,,
55075,,50.2,,,
2122,,50.1,,,
12105,,50.1,,,
17109,,50.1,,,
18081,,50.1,,,
19145,,50.1,,,
24003,,50.1,,,
25027,,50.1,,,
29107,,50.1,,,
30043,,50.1,,,
31095,,50.1,,,
37099,,50.1,,,
45005,,50.1,,,
13187,,50,,,
26071,,50,,,
29183,,50,,,
29041,,50,,,
29209,,50,,,
40045,,50,,,
55111,,50,,,
1101,,49.9,,,
6103,,49.9,,,
20191,,49.9,,,
20177,,49.9,,,
24025,,49.9,,,
31105,,49.9,,,
31153,,49.9,,,
40005,,49.9,,,
48313,,49.9,,,
28045,,49.8,,,
31151,,49.8,,,
42075,,49.8,,,
48245,,49.8,,,
48399,,49.8,,,
12035,,49.7,,,
17105,,49.7,,,
18105,,49.7,,,
20133,,49.7,,,
40017,,49.7,,,
40027,,49.7,,,
42007,,49.7,,,
54093,,49.7,,,
25005,,49.6,,,
25023,,49.6,,,
45081,,49.6,,,
47065,,49.6,,,
51083,,49.6,,,
53043,,49.6,,,
25013,,49.5,,,
36011,,49.5,,,
13049,,49.4,,,
13303,,49.4,,,
24009,,49.4,,,
30021,,49.4,,,
33015,,49.4,,,
36093,,49.4,,,
36013,,49.4,,,
37015,,49.4,,,
37123,,49.4,,,
39165,,49.4,,,
45063,,49.4,,,
47047,,49.4,,,
13137,,49.3,,,
13039,,49.3,,,
19127,,49.3,,,
23023,,49.3,,,
26109,,49.3,,,
45079,,49.3,,,
5031,,49.2,,,
13211,,49.2,,,
23013,,49.2,,,
40131,,49.2,,,
12049,,49.1,,,
13047,,49.1,,,
19129,,49.1,,,
29011,,49.1,,,
42057,,49.1,,,
48495,,49.1,,,
51630,,49.1,,,
20157,,49,,,
29225,,49,,,
35051,,49,,,
37011,,49,,,
45085,,49,,,
48161,,49,,,
48223,,49,,,
51149,,49,,,
6011,,48.9,,,
12111,,48.9,,,
16073,,48.9,,,
18161,,48.9,,,
23005,,48.9,,,
30017,,48.9,,,
34007,,48.9,,,
38061,,48.9,,,
42019,,48.9,,,
26091,,48.8,,,
45045,,48.8,,,
55041,,48.8,,,
27017,,48.7,,,
29147,,48.7,,,
30101,,48.7,,,
37129,,48.7,,,
40103,,48.7,,,
42049,,48.7,,,
50009,,48.7,,,
6089,,48.6,,,
12001,,48.6,,,
13261,,48.6,,,
18051,,48.6,,,
18039,,48.6,,,
26023,,48.6,,,
27157,,48.6,,,
40011,,48.6,,,
53013,,48.6,,,
54025,,48.6,,,
55007,,48.6,,,
37125,,48.5,,,
42129,,48.5,,,
46091,,48.5,,,
47023,,48.5,,,
48253,,48.5,,,
50019,,48.5,,,
5065,,48.4,,,
19181,,48.4,,,
19139,,48.4,,,
20029,,48.4,,,
26003,,48.4,,,
27003,,48.4,,,
32013,,48.4,,,
37091,,48.4,,,
39063,,48.4,,,
40085,,48.4,,,
12057,,48.3,,,
17053,,48.3,,,
19085,,48.3,,,
20103,,48.3,,,
23031,,48.3,,,
23007,,48.3,,,
26045,,48.3,,,
27029,,48.3,,,
28069,,48.3,,,
36069,,48.3,,,
36111,,48.3,,,
37059,,48.3,,,
37081,,48.3,,,
42123,,48.3,,,
42127,,48.3,,,
46035,,48.3,,,
48005,,48.3,,,
51141,,48.3,,,
55017,,48.3,,,
17131,,48.2,,,
37143,,48.2,,,
39171,,48.2,,,
39069,,48.2,,,
48321,,48.2,,,
51101,,48.2,,,
51800,,48.2,,,
51660,,48.2,,,
51197,,48.2,,,
27161,,48.1,,,
32003,,48.1,,,
34033,,48.1,,,
53067,,48.1,,,
55125,,48.1,,,
1003,,48,,,
6093,,48,,,
6101,,48,,,
31143,,48,,,
37061,,48,,,
37147,,48,,,
39083,,48,,,
45075,,48,,,
53011,,48,,,
54079,,48,,,
22041,,47.9,,,
24013,,47.9,,,
25003,,47.9,,,
34001,,47.9,,,
48175,,47.9,,,
48221,,47.9,,,
12051,,47.8,,,
17013,,47.8,,,
21211,,47.8,,,
24005,,47.8,,,
48423,,47.8,,,
5015,,47.7,,,
20087,,47.7,,,
26041,,47.7,,,
27135,,47.7,,,
34029,,47.7,,,
37087,,47.7,,,
41035,,47.7,,,
19113,,47.6,,,
26151,,47.6,,,
31099,,47.6,,,
36035,,47.6,,,
48003,,47.6,,,
48039,,47.6,,,
50023,,47.6,,,
51115,,47.6,,,
51093,,47.6,,,
51620,,47.6,,,
51175,,47.6,,,
51041,,47.6,,,
56011,,47.6,,,
9015,,47.5,,,
20011,,47.5,,,
26077,,47.5,,,
41051,,47.5,,,
42069,,47.5,,,
54021,,47.5,,,
55101,,47.5,,,
13077,,47.4,,,
17015,,47.4,,,
19081,,47.4,,,
19015,,47.4,,,
29029,,47.4,,,
48225,,47.4,,,
55069,,47.4,,,
1041,,47.3,,,
1117,,47.3,,,
2020,,47.3,,,
13009,,47.3,,,
13311,,47.3,,,
1109,,47.2,,,
6005,,47.2,,,
17077,,47.2,,,
18157,,47.2,,,
19143,,47.2,,,
27061,,47.2,,,
29019,,47.2,,,
31033,,47.2,,,
37117,,47.2,,,
51570,,47.2,,,
53063,,47.2,,,
53077,,47.2,,,
55083,,47.2,,,
23009,,47.1,,,
24035,,47.1,,,
24017,,47.1,,,
39161,,47.1,,,
48331,,47.1,,,
51113,,47.1,,,
53047,,47.1,,,
53057,,47.1,,,
55121,,47.1,,,
55005,,47.1,,,
5007,,47,,,
17005,,47,,,
26009,,47,,,
27071,,47,,,
27137,,47,,,
37115,,47,,,
37021,,47,,,
48339,,47,,,
51031,,47,,,
55099,,47,,,
8073,,46.9,,,
17173,,46.9,,,
19083,,46.9,,,
22033,,46.9,,,
27117,,46.9,,,
28121,,46.9,,,
46103,,46.9,,,
48227,,46.9,,,
48151,,46.9,,,
48375,,46.9,,,
46039,,46.8,,,
48441,,46.8,,,
51810,,46.8,,,
13057,,46.7,,,
13151,,46.7,,,
13179,,46.7,,,
18151,,46.7,,,
18173,,46.7,,,
19061,,46.7,,,
28157,,46.7,,,
29067,,46.7,,,
31131,,46.7,,,
36031,,46.7,,,
13111,,46.6,,,
17009,,46.6,,,
19133,,46.6,,,
26005,,46.6,,,
26097,,46.6,,,
29135,,46.6,,,
31097,,46.6,,,
31089,,46.6,,,
33013,,46.6,,,
36099,,46.6,,,
37063,,46.6,,,
48471,,46.6,,,
17175,,46.5,,,
18169,,46.5,,,
26043,,46.5,,,
27165,,46.5,,,
31145,,46.5,,,
36071,,46.5,,,
37179,,46.5,,,
38105,,46.5,,,
51025,,46.5,,,
20143,,46.4,,,
28049,,46.4,,,
36055,,46.4,,,
42005,,46.4,,,
13241,,46.3,,,
24023,,46.3,,,
26127,,46.3,,,
36025,,46.3,,,
48057,,46.3,,,
17037,,46.2,,,
17041,,46.2,,,
20151,,46.2,,,
31139,,46.2,,,
31155,,46.2,,,
36107,,46.2,,,
46115,,46.2,,,
48265,,46.2,,,
51087,,46.2,,,
55127,,46.2,,,
17139,,46.1,,,
27005,,46.1,,,
27057,,46.1,,,
28009,,46.1,,,
32033,,46.1,,,
33011,,46.1,,,
42079,,46.1,,,
48341,,46.1,,,
6007,,46,,,
17149,,46,,,
19187,,46,,,
42133,,46,,,
50003,,46,,,
54063,,46,,,
22061,,45.9,,,
28041,,45.9,,,
29189,,45.9,,,
29043,,45.9,,,
31181,,45.9,,,
39103,,45.9,,,
41047,,45.9,,,
42113,,45.9,,,
44009,,45.9,,,
48055,,45.9,,,
48009,,45.9,,,
51015,,45.9,,,
13145,,45.8,,,
17141,,45.8,,,
17203,,45.8,,,
36113,,45.8,,,
36051,,45.8,,,
54077,,45.8,,,
55023,,45.8,,,
13315,,45.7,,,
24001,,45.7,,,
38103,,45.7,,,
42061,,45.7,,,
45019,,45.7,,,
48305,,45.7,,,
48053,,45.7,,,
50027,,45.7,,,
51147,,45.7,,,
55021,,45.7,,,
13139,,45.6,,,
13271,,45.6,,,
25025,,45.6,,,
27143,,45.6,,,
27077,,45.6,,,
34041,,45.6,,,
36085,,45.6,,,
41029,,45.6,,,
42033,,45.6,,,
50001,,45.6,,,
55027,,45.6,,,
12087,,45.5,,,
13063,,45.5,,,
20009,,45.5,,,
42095,,45.5,,,
46077,,45.5,,,
20123,,45.4,,,
26063,,45.4,,,
27115,,45.4,,,
30089,,45.4,,,
30049,,45.4,,,
33005,,45.4,,,
37187,,45.4,,,
12015,,45.3,,,
19069,,45.3,,,
19063,,45.3,,,
29051,,45.3,,,
39051,,45.3,,,
39157,,45.3,,,
41039,,45.3,,,
48297,,45.3,,,
48233,,45.3,,,
13159,,45.2,,,
17049,,45.2,,,
20161,,45.2,,,
34037,,45.2,,,
36079,,45.2,,,
38059,,45.2,,,
46029,,45.2,,,
55117,,45.2,,,
18099,,45.1,,,
26029,,45.1,,,
40151,,45.1,,,
41059,,45.1,,,
42031,,45.1,,,
42043,,45.1,,,
51917,,45.1,,,
53039,,45.1,,,
12027,,45,,,
27131,,45,,,
27059,,45,,,
30111,,45,,,
31129,,45,,,
31001,,45,,,
39173,,45,,,
48449,,45,,,
48065,,45,,,
53061,,45,,,
9009,,44.9,,,
19115,,44.9,,,
27025,,44.9,,,
31121,,44.9,,,
46093,,44.9,,,
48153,,44.9,,,
55115,,44.9,,,
6077,,44.8,,,
12065,,44.8,,,
17085,,44.8,,,
18003,,44.8,,,
28031,,44.8,,,
42055,,44.8,,,
46013,,44.8,,,
53005,,44.8,,,
17031,,44.7,,,
17113,,44.7,,,
40009,,44.7,,,
41071,,44.7,,,
55139,,44.7,,,
55095,,44.7,,,
50013,,44.6,,,
13221,,44.5,,,
19117,,44.5,,,
42117,,44.5,,,
48425,,44.5,,,
51159,,44.5,,,
53025,,44.5,,,
13051,,44.4,,,
19027,,44.4,,,
36095,,44.4,,,
48439,,44.4,,,
53037,,44.4,,,
6095,,44.3,,,
39169,,44.3,,,
51075,,44.3,,,
9007,,44.2,,,
22027,,44.2,,,
26093,,44.2,,,
27119,,44.2,,,
29165,,44.2,,,
31111,,44.2,,,
34005,,44.2,,,
36043,,44.2,,,
38101,,44.2,,,
39149,,44.2,,,
51735,,44.2,,,
22077,,44.1,,,
29137,,44.1,,,
39041,,44.1,,,
49019,,44.1,,,
1085,,44,,,
17123,,44,,,
19037,,44,,,
30093,,44,,,
30077,,44,,,
36027,,44,,,
41057,,44,,,
45003,,44,,,
46127,,44,,,
51079,,44,,,
1025,,43.9,,,
17027,,43.9,,,
26061,,43.9,,,
42017,,43.9,,,
42013,,43.9,,,
50015,,43.9,,,
4007,,43.8,,,
6021,,43.8,,,
13073,,43.8,,,
23015,,43.8,,,
26015,,43.8,,,
27139,,43.8,,,
27159,,43.8,,,
36103,,43.8,,,
53059,,43.8,,,
16047,,43.7,,,
16017,,43.7,,,
17089,,43.7,,,
17051,,43.7,,,
27127,,43.7,,,
27075,,43.7,,,
42037,,43.7,,,
42021,,43.7,,,
17133,,43.6,,,
18159,,43.6,,,
19125,,43.6,,,
46037,,43.6,,,
55103,,43.6,,,
8055,,43.5,,,
13291,,43.5,,,
37089,,43.5,,,
39057,,43.5,,,
46135,,43.5,,,
48145,,43.5,,,
48487,,43.5,,,
53031,,43.5,,,
55123,,43.5,,,
56045,,43.5,,,
17189,,43.4,,,
51067,,43.4,,,
6043,,43.3,,,
9011,,43.3,,,
25009,,43.3,,,
41025,,43.3,,,
48165,,43.3,,,
27141,,43.2,,,
31093,,43.2,,,
35035,,43.2,,,
41005,,43.2,,,
41031,,43.2,,,
42115,,43.2,,,
48185,,43.2,,,
54061,,43.2,,,
12119,,43.1,,,
13269,,43.1,,,
20035,,43.1,,,
27043,,43.1,,,
29001,,43.1,,,
29087,,43.1,,,
30083,,43.1,,,
48189,,43.1,,,
55063,,43.1,,,
55035,,43.1,,,
1023,,43,,,
27123,,43,,,
42067,,43,,,
53035,,43,,,
18179,,42.9,,,
28105,,42.9,,,
33003,,42.9,,,
46129,,42.9,,,
48019,,42.9,,,
54001,,42.9,,,
20053,,42.8,,,
25021,,42.8,,,
34025,,42.8,,,
37135,,42.8,,,
38099,,42.8,,,
48113,,42.8,,,
50007,,42.8,,,
6023,,42.7,,,
20201,,42.7,,,
25019,,42.7,,,
27173,,42.7,,,
27027,,42.7,,,
40093,,42.7,,,
48091,,42.7,,,
51161,,42.7,,,
53065,,42.7,,,
6067,,42.6,,,
36109,,42.6,,,
38035,,42.6,,,
25017,,42.5,,,
27171,,42.5,,,
8077,,42.4,,,
17019,,42.4,,,
22023,,42.4,,,
12109,,42.3,,,
19001,,42.3,,,
42011,,42.3,,,
48299,,42.3,,,
56021,,42.3,,,
25007,,42.2,,,
31041,,42.2,,,
37137,,42.2,,,
44005,,42.2,,,
53073,,42.2,,,
6099,,42.1,,,
6045,,42.1,,,
12095,,42.1,,,
28019,,42.1,,,
36007,,42.1,,,
51037,,42.1,,,
12073,,42,,,
16083,,42,,,
27111,,42,,,
30063,,42,,,
51685,,42,,,
56033,,42,,,
12115,,41.9,,,
31035,,41.9,,,
35061,,41.9,,,
37119,,41.9,,,
48329,,41.9,,,
48193,,41.9,,,
51023,,41.9,,,
4011,,41.8,,,
9013,,41.8,,,
37055,,41.8,,,
38003,,41.8,,,
45065,,41.8,,,
50025,,41.8,,,
55039,,41.8,,,
12081,,41.7,,,
19093,,41.7,,,
19033,,41.7,,,
28073,,41.7,,,
32031,,41.7,,,
38049,,41.7,,,
41061,,41.7,,,
48117,,41.7,,,
51121,,41.7,,,
13141,,41.6,,,
13059,,41.6,,,
26065,,41.6,,,
27015,,41.6,,,
31109,,41.6,,,
38097,,41.6,,,
41013,,41.6,,,
48187,,41.6,,,
51017,,41.6,,,
53071,,41.6,,,
55009,,41.6,,,
56007,,41.6,,,
12117,,41.5,,,
12043,,41.5,,,
18087,,41.5,,,
19041,,41.5,,,
25001,,41.5,,,
29151,,41.5,,,
41045,,41.5,,,
42001,,41.5,,,
48451,,41.5,,,
56025,,41.5,,,
6029,,41.4,,,
19109,,41.4,,,
20079,,41.4,,,
27051,,41.4,,,
42065,,41.4,,,
8043,,41.3,,,
18129,,41.3,,,
19059,,41.3,,,
22065,,41.3,,,
26081,,41.3,,,
27007,,41.3,,,
45053,,41.3,,,
51061,,41.3,,,
8087,,41.2,,,
16055,,41.2,,,
19185,,41.2,,,
19159,,41.2,,,
20045,,41.2,,,
20057,,41.2,,,
27049,,41.2,,,
42009,,41.2,,,
42103,,41.2,,,
51157,,41.2,,,
55029,,41.2,,,
55045,,41.2,,,
1087,,41.1,,,
6047,,41.1,,,
48255,,41.1,,,
48333,,41.1,,,
13207,,41,,,
19169,,41,,,
19079,,41,,,
20121,,41,,,
26125,,41,,,
35029,,41,,,
42077,,41,,,
48015,,41,,,
13243,,40.9,,,
29121,,40.9,,,
32005,,40.9,,,
35005,,40.9,,,
41027,,40.9,,,
51153,,40.9,,,
16027,,40.8,,,
26055,,40.8,,,
27037,,40.8,,,
31141,,40.8,,,
35025,,40.8,,,
37149,,40.8,,,
48307,,40.8,,,
6107,,40.7,,,
16035,,40.7,,,
27093,,40.7,,,
29149,,40.7,,,
55047,,40.7,,,
6055,,40.6,,,
11001,,40.6,,,
16059,,40.6,,,
19095,,40.6,,,
19031,,40.6,,,
19149,,40.6,,,
24021,,40.6,,,
31059,,40.6,,,
31067,,40.6,,,
56009,,40.6,,,
12085,,40.5,,,
19053,,40.5,,,
31119,,40.5,,,
56015,,40.5,,,
9003,,40.4,,,
19121,,40.4,,,
19025,,40.4,,,
27085,,40.4,,,
30073,,40.4,,,
31177,,40.4,,,
35057,,40.4,,,
42091,,40.4,,,
48177,,40.4,,,
54023,,40.4,,,
8085,,40.3,,,
8125,,40.3,,,
13067,,40.3,,,
13247,,40.3,,,
16075,,40.3,,,
18037,,40.3,,,
19197,,40.3,,,
26111,,40.3,,,
27001,,40.3,,,
48201,,40.3,,,
51600,,40.3,,,
55141,,40.3,,,
6009,,40.2,,,
19065,,40.2,,,
20055,,40.2,,,
27163,,40.2,,,
27067,,40.2,,,
56003,,40.2,,,
17097,,40.1,,,
45037,,40.1,,,
24041,,40,,,
24033,,40,,,
27039,,40,,,
42041,,40,,,
45017,,40,,,
56031,,40,,,
12071,,39.9,,,
20167,,39.9,,,
25015,,39.9,,,
29089,,39.9,,,
32007,,39.9,,,
40139,,39.9,,,
18015,,39.8,,,
39107,,39.8,,,
55133,,39.8,,,
31003,,39.7,,,
55043,,39.7,,,
2220,,39.6,,,
19183,,39.6,,,
20091,,39.6,,,
27097,,39.6,,,
27013,,39.6,,,
29205,,39.6,,,
55087,,39.6,,,
13191,,39.5,,,
30087,,39.5,,,
48469,,39.5,,,
48371,,39.5,,,
55131,,39.5,,,
22081,,39.4,,,
42029,,39.4,,,
51065,,39.4,,,
54031,,39.4,,,
17093,,39.3,,,
19141,,39.3,,,
19171,,39.3,,,
26161,,39.3,,,
27121,,39.3,,,
34031,,39.3,,,
48303,,39.3,,,
20149,,39.2,,,
27047,,39.2,,,
41003,,39.2,,,
48481,,39.2,,,
51165,,39.2,,,
13123,,39.1,,,
31137,,39.1,,,
6071,,39,,,
8001,,39,,,
45013,,39,,,
26037,,38.9,,,
31079,,38.9,,,
13253,,38.8,,,
27009,,38.8,,,
27019,,38.8,,,
37183,,38.8,,,
44001,,38.8,,,
51683,,38.8,,,
51063,,38.8,,,
55025,,38.8,,,
9005,,38.7,,,
12011,,38.7,,,
17043,,38.7,,,
55055,,38.7,,,
27107,,38.6,,,
33009,,38.6,,,
53017,,38.6,,,
55097,,38.6,,,
56013,,38.6,,,
8049,,38.5,,,
27099,,38.5,,,
37037,,38.5,,,
42071,,38.5,,,
53021,,38.5,,,
6097,,38.4,,,
27033,,38.4,,,
29063,,38.4,,,
55071,,38.4,,,
13121,,38.3,,,
16015,,38.3,,,
35015,,38.3,,,
41053,,38.3,,,
53007,,38.3,,,
34021,,38.2,,,
42109,,38.2,,,
48107,,38.2,,,
56043,,38.2,,,
4025,,38.1,,,
12097,,38.1,,,
16067,,38.1,,,
27041,,38.1,,,
48355,,38.1,,,
48381,,38.1,,,
55091,,38.1,,,
27079,,38,,,
27153,,38,,,
29073,,38,,,
27073,,37.9,,,
29003,,37.9,,,
31101,,37.9,,,
42027,,37.9,,,
46011,,37.9,,,
55109,,37.9,,,
8014,,37.8,,,
13235,,37.8,,,
13089,,37.8,,,
27169,,37.8,,,
34019,,37.8,,,
38009,,37.8,,,
53019,,37.8,,,
4012,,37.7,,,
19161,,37.7,,,
20051,,37.7,,,
41017,,37.7,,,
55073,,37.7,,,
6109,,37.6,,,
16001,,37.6,,,
20117,,37.5,,,
27083,,37.5,,,
39121,,37.5,,,
46081,,37.5,,,
48171,,37.5,,,
30047,,37.4,,,
31127,,37.4,,,
48121,,37.4,,,
4019,,37.3,,,
8071,,37.3,,,
8081,,37.3,,,
12099,,37.3,,,
13133,,37.3,,,
13135,,37.3,,,
38017,,37.3,,,
55015,,37.3,,,
4013,,37.2,,,
16057,,37.2,,,
35041,,37.2,,,
37175,,37.2,,,
48041,,37.2,,,
55049,,37.2,,,
6065,,37.1,,,
19043,,37.1,,,
20175,,37.1,,,
34013,,37.1,,,
40153,,37.1,,,
42111,,37.1,,,
48115,,37.1,,,
51163,,37.1,,,
4003,,37,,,
6039,,37,,,
19165,,37,,,
34023,,37,,,
51199,,37,,,
19051,,36.9,,,
27065,,36.9,,,
31023,,36.9,,,
31047,,36.9,,,
48473,,36.9,,,
8101,,36.8,,,
38057,,36.8,,,
42063,,36.8,,,
42119,,36.8,,,
48273,,36.8,,,
51640,,36.8,,,
19103,,36.7,,,
19049,,36.7,,,
35009,,36.7,,,
39137,,36.7,,,
48085,,36.7,,,
48437,,36.7,,,
55093,,36.7,,,
19105,,36.6,,,
48325,,36.6,,,
6027,,36.5,,,
6063,,36.5,,,
8039,,36.5,,,
20205,,36.5,,,
34017,,36.5,,,
47187,,36.5,,,
54089,,36.5,,,
31031,,36.4,,,
53033,,36.4,,,
16049,,36.3,,,
19035,,36.3,,,
25011,,36.3,,,
6019,,36.2,,,
8031,,36.2,,,
27081,,36.2,,,
6013,,36.1,,,
48209,,36.1,,,
6073,,36,,,
8063,,36,,,
31019,,36,,,
35053,,35.9,,,
48493,,35.9,,,
16053,,35.8,,,
34039,,35.8,,,
8041,,35.7,,,
19089,,35.7,,,
27053,,35.7,,,
40141,,35.7,,,
46125,,35.7,,,
46079,,35.6,,,
54071,,35.6,,,
19151,,35.5,,,
27103,,35.5,,,
31051,,35.5,,,
41063,,35.5,,,
48491,,35.5,,,
48069,,35.5,,,
55065,,35.5,,,
16021,,35.4,,,
19023,,35.4,,,
27129,,35.4,,,
48249,,35.4,,,
48477,,35.4,,,
19005,,35.3,,,
34035,,35.3,,,
37075,,35.3,,,
47127,,35.3,,,
8123,,35.2,,,
19147,,35.2,,,
27145,,35.2,,,
28037,,35.2,,,
39055,,35.2,,,
48489,,35.2,,,
38055,,35.1,,,
41067,,35.1,,,
8029,,35,,,
13117,,35,,,
48219,,35,,,
46109,,34.9,,,
49013,,34.9,,,
6049,,34.8,,,
34027,,34.8,,,
36059,,34.8,,,
48397,,34.8,,,
6079,,34.7,,,
34003,,34.7,,,
15007,,34.6,,,
19101,,34.6,,,
31157,,34.6,,,
1063,,34.5,,,
9001,,34.5,,,
36005,,34.5,,,
46023,,34.5,,,
48029,,34.5,,,
49007,,34.5,,,
55033,,34.5,,,
2110,,34.4,,,
6075,,34.4,,,
6031,,34.4,,,
20113,,34.4,,,
35047,,34.4,,,
38015,,34.4,,,
48143,,34.4,,,
6113,,34.3,,,
6061,,34.3,,,
6017,,34.3,,,
13219,,34.3,,,
51107,,34.2,,,
56029,,34.2,,,
13113,,34.1,,,
31081,,34.1,,,
31039,,34.1,,,
51003,,34.1,,,
27113,,34,,,
51095,,34,,,
19167,,33.9,,,
36119,,33.9,,,
48285,,33.9,,,
4009,,33.8,,,
13011,,33.8,,,
35013,,33.8,,,
46083,,33.8,,,
8005,,33.7,,,
30085,,33.7,,,
4021,,33.6,,,
18057,,33.6,,,
19047,,33.6,,,
19075,,33.5,,,
27101,,33.5,,,
37189,,33.5,,,
55019,,33.5,,,
6001,,33.4,,,
30029,,33.4,,,
36047,,33.4,,,
48043,,33.4,,,
15001,,33.3,,,
27147,,33.3,,,
41037,,33.3,,,
46051,,33.3,,,
48149,,33.3,,,
20145,,33.2,,,
30041,,33.2,,,
38077,,33.2,,,
48025,,33.2,,,
55061,,33.2,,,
31037,,33.1,,,
30081,,33,,,
48131,,33,,,
15003,,32.9,,,
18001,,32.9,,,
36087,,32.9,,,
46033,,32.9,,,
48463,,32.7,,,
6059,,32.6,,,
8021,,32.6,,,
48453,,32.6,,,
16005,,32.5,,,
55089,,32.5,,,
38089,,32.4,,,
53029,,32.4,,,
27109,,32.3,,,
31159,,32.2,,,
36061,,32.2,,,
26139,,32.1,,,
42093,,32,,,
16011,,31.9,,,
35027,,31.9,,,
48157,,31.9,,,
48013,,31.9,,,
48163,,31.9,,,
19157,,31.8,,,
46067,,31.8,,,
6053,,31.7,,,
16043,,31.7,,,
19017,,31.7,,,
53075,,31.7,,,
26089,,31.5,,,
6057,,31.4,,,
30057,,31.3,,,
48465,,31.3,,,
16051,,31.2,,,
31013,,31.2,,,
35001,,31.2,,,
6037,,31.1,,,
27091,,31.1,,,
48279,,31.1,,,
4017,,31,,,
8083,,31,,,
19091,,31,,,
4027,,30.9,,,
35043,,30.9,,,
19195,,30.7,,,
46005,,30.7,,,
46065,,30.7,,,
8015,,30.6,,,
27055,,30.6,,,
8003,,30.5,,,
8059,,30.5,,,
12021,,30.5,,,
6081,,30.4,,,
8075,,30.4,,,
36081,,30.4,,,
6111,,30.3,,,
27133,,30.3,,,
35039,,30.3,,,
35045,,30.1,,,
27045,,30,,,
35017,,30,,,
6069,,29.9,,,
12086,,29.9,,,
48287,,29.9,,,
53001,,29.9,,,
56019,,29.9,,,
8069,,29.8,,,
13093,,29.8,,,
41023,,29.8,,,
1011,,29.7,,,
6041,,29.7,,,
30095,,29.7,,,
20131,,29.6,,,
27023,,29.6,,,
48259,,29.5,,,
55119,,29.4,,,
6083,,29.3,,,
8089,,29.3,,,
56039,,29.1,,,
56001,,29.1,,,
31045,,28.9,,,
49045,,28.9,,,
24027,,28.8,,,
51830,,28.7,,,
15009,,28.6,,,
6087,,28.4,,,
19021,,28.4,,,
56037,,28.4,,,
30001,,28.3,,,
31185,,28.2,,,
31027,,28.2,,,
48031,,28.2,,,
16085,,27.8,,,
30031,,27.8,,,
6085,,27.6,,,
35055,,27.5,,,
6025,,27,,,
27063,,27,,,
16031,,26.9,,,
20115,,26.8,,,
56023,,26.8,,,
27105,,26.6,,,
20095,,26.5,,,
8119,,26.4,,,
51510,,26.4,,,
39075,,26.3,,,
51013,,26.3,,,
8045,,26.1,,,
19055,,25.7,,,
4005,,25.6,,,
51059,,25.6,,,
8093,,25.5,,,
16019,,25.4,,,
37029,,25.4,,,
48427,,25.4,,,
49057,,25.4,,,
35007,,25.3,,,
51610,,25.1,,,
24031,,25,,,
19131,,24.8,,,
35006,,24.7,,,
8067,,24.6,,,
19119,,24.4,,,
8013,,24.3,,,
8107,,24.3,,,
48141,,24.3,,,
49047,,24.3,,,
8035,,24,,,
48061,,24,,,
53055,,23.9,,,
48389,,23.6,,,
4023,,23.1,,,
48323,,23.1,,,
49051,,23.1,,,
35049,,23,,,
30067,,22.8,,,
8007,,22.7,,,
48215,,22.5,,,
49053,,22.5,,,
19191,,22.2,,,
49035,,22.1,,,
56041,,22.1,,,
8117,,21.6,,,
30009,,21.3,,,
49041,,21.3,,,
8105,,21,,,
48479,,20.7,,,
49021,,19.7,,,
49039,,18.8,,,
4001,,17.7,,,
49003,,17.6,,,
49011,,17.2,,,
35028,,15.8,,,
8037,,14.9,,,
49043,,14.4,,,
49049,,12.4,,,
35031,,11.6,,,
49005,,9.2,,,
16003,,*,,,
19003,,*,,,
38001,,*,,,
2013,,*,,,
2016,,*,,,
6003,,*,,,
48011,,*,,,
31005,,*,,,
19009,,*,,,
46003,,*,,,
8009,,*,,,
48017,,*,,,
13007,,*,,,
31007,,*,,,
16007,,*,,,
40007,,*,,,
49001,,*,,,
46007,,*,,,
38005,,*,,,
8011,,*,,,
30003,,*,,,
38007,,*,,,
16013,,*,,,
30005,,*,,,
31009,,*,,,
31011,,*,,,
48033,,*,,,
38011,,*,,,
31015,,*,,,
48045,,*,,,
2060,,*,,,
30007,,*,,,
48047,,*,,,
31017,,*,,,
46017,,*,,,
38013,,*,,,
16023,,*,,,
16025,,*,,,
42023,,*,,,
46021,,*,,,
16029,,*,,,
30011,,*,,,
35003,,*,,,
38019,,*,,,
20017,,*,,,
13053,,*,,,
8017,,*,,,
20023,,*,,,
30015,,*,,,
40025,,*,,,
16033,,*,,,
20025,,*,,,
46025,,*,,,
13061,,*,,,
8019,,*,,,
48079,,*,,,
48081,,*,,,
48087,,*,,,
20033,,*,,,
48095,,*,,,
27031,,*,,,
46031,,*,,,
8023,,*,,,
48101,,*,,,
48103,,*,,,
48105,,*,,,
8025,,*,,,
48109,,*,,,
8027,,*,,,
16037,,*,,,
49009,,*,,,
48111,,*,,,
30019,,*,,,
35011,,*,,,
20039,,*,,,
2068,,*,,,
31049,,*,,,
46041,,*,,,
48125,,*,,,
38021,,*,,,
2070,,*,,,
48127,,*,,,
38023,,*,,,
8033,,*,,,
46043,,*,,,
31057,,*,,,
38025,,*,,,
13101,,*,,,
38027,,*,,,
46045,,*,,,
20047,,*,,,
48137,,*,,,
49015,,*,,,
38029,,*,,,
32009,,*,,,
32011,,*,,,
30025,,*,,,
46049,,*,,,
48155,,*,,,
38031,,*,,,
16041,,*,,,
31061,,*,,,
31063,,*,,,
31065,,*,,,
31069,,*,,,
30033,,*,,,
31071,,*,,,
49017,,*,,,
53023,,*,,,
48169,,*,,,
41021,,*,,,
8047,,*,,,
13125,,*,,,
48173,,*,,,
30037,,*,,,
38033,,*,,,
31073,,*,,,
20063,,*,,,
20065,,*,,,
30039,,*,,,
20067,,*,,,
31075,,*,,,
38037,,*,,,
20069,,*,,,
20071,,*,,,
31077,,*,,,
35019,,*,,,
8051,,*,,,
46055,,*,,,
2100,,*,,,
48191,,*,,,
20075,,*,,,
46057,,*,,,
46059,,*,,,
48195,,*,,,
46061,,*,,,
48197,,*,,,
35021,,*,,,
46063,,*,,,
31083,,*,,,
40057,,*,,,
40059,,*,,,
48205,,*,,,
20081,,*,,,
31085,,*,,,
38041,,*,,,
35023,,*,,,
51091,,*,,,
8053,,*,,,
31087,,*,,,
20083,,*,,,
31091,,*,,,
48229,,*,,,
46069,,*,,,
48235,,*,,,
28055,,*,,,
8057,,*,,,
46071,,*,,,
48243,,*,,,
46073,,*,,,
48247,,*,,,
46075,,*,,,
49023,,*,,,
30045,,*,,,
15005,,*,,,
49025,,*,,,
48261,,*,,,
48263,,*,,,
26083,,*,,,
31103,,*,,,
38043,,*,,,
48269,,*,,,
48271,,*,,,
8061,,*,,,
20097,,*,,,
27069,,*,,,
48275,,*,,,
48283,,*,,,
38045,,*,,,
8065,,*,,,
2164,,*,,,
32015,,*,,,
20101,,*,,,
16061,,*,,,
51678,,*,,,
30051,,*,,,
16063,,*,,,
20105,,*,,,
32017,,*,,,
48295,,*,,,
20109,,*,,,
31113,,*,,,
38047,,*,,,
31115,,*,,,
48301,,*,,,
46085,,*,,,
16065,,*,,,
48317,,*,,,
48319,,*,,,
30055,,*,,,
38051,,*,,,
38053,,*,,,
48311,,*,,,
31117,,*,,,
46089,,*,,,
20119,,*,,,
30059,,*,,,
46095,,*,,,
48327,,*,,,
55078,,*,,,
49027,,*,,,
46097,,*,,,
8079,,*,,,
6051,,*,,,
46101,,*,,,
35033,,*,,,
49029,,*,,,
31123,,*,,,
20129,,*,,,
48345,,*,,,
31125,,*,,,
38063,,*,,,
20135,,*,,,
56027,,*,,,
2188,,*,,,
20137,,*,,,
51720,,*,,,
48359,,*,,,
38065,,*,,,
16071,,*,,,
20141,,*,,,
8091,,*,,,
48369,,*,,,
31133,,*,,,
31135,,*,,,
46105,,*,,,
30069,,*,,,
8095,,*,,,
38069,,*,,,
8097,,*,,,
49031,,*,,,
46107,,*,,,
30075,,*,,,
16077,,*,,,
30079,,*,,,
48377,,*,,,
2201,,*,,,
20153,,*,,,
48383,,*,,,
38075,,*,,,
49033,,*,,,
8103,,*,,,
48393,,*,,,
21201,,*,,,
31149,,*,,,
40129,,*,,,
20163,,*,,,
20165,,*,,,
8109,,*,,,
8111,,*,,,
49037,,*,,,
8113,,*,,,
46111,,*,,,
38081,,*,,,
48413,,*,,,
13249,,*,,,
20171,,*,,,
8115,,*,,,
48417,,*,,,
20179,,*,,,
31161,,*,,,
38083,,*,,,
41055,,*,,,
48421,,*,,,
6091,,*,,,
31165,,*,,,
38085,,*,,,
2232,,*,,,
38087,,*,,,
2240,,*,,,
20185,,*,,,
46117,,*,,,
20187,,*,,,
31167,,*,,,
38091,,*,,,
48431,,*,,,
20189,,*,,,
27149,,*,,,
48433,,*,,,
32029,,*,,,
56035,,*,,,
46119,,*,,,
48435,,*,,,
13265,,*,,,
48443,,*,,,
16081,,*,,,
31169,,*,,,
20193,,*,,,
31171,,*,,,
48447,,*,,,
38095,,*,,,
27155,,*,,,
30103,,*,,,
20195,,*,,,
46123,,*,,,
35059,,*,,,
30105,,*,,,
31175,,*,,,
20197,,*,,,
2270,,*,,,
53069,,*,,,
20199,,*,,,
8121,,*,,,
31179,,*,,,
49055,,*,,,
13307,,*,,,
30107,,*,,,
31183,,*,,,
41069,,*,,,
30109,,*,,,
20203,,*,,,
27167,,*,,,
29227,,*,,,
2282,,*,,,
2290,,*,,,
48505,,*,,,
48507,,*,,,
46137,,*,,,
