 FIPS,"Age-Adjusted Incidence Rate(Ê) - cases per 100,000"
0,62.4
1001,74.9
1003,66.9
1005,74.6
1007,86.4
1009,69.7
1011,65.8
1013,58.3
1015,84.2
1017,75.4
1019,82.4
1021,73.9
1023,49.2
1025,69.5
1027,83.3
1029,74.9
1031,71.5
1033,75.9
1035,73.5
1037,82.6
1039,83
1041,61.5
1043,69.6
1045,76.7
1047,76.2
1049,60.8
1051,78.1
1053,75.5
1055,81.9
1057,77.3
1059,72.4
1061,90.3
1063,87.9
1065,71
1067,66.5
1069,70.8
1071,80.9
1073,65.1
1075,80.4
1077,69.3
1079,88.1
1081,59.4
1083,73.4
1085,57.6
1087,57.9
1089,64.8
1091,61.6
1093,74.2
1095,79.4
1097,75.4
1099,62.3
1101,61
1103,80.4
1105,83.1
1107,65.6
1109,61.8
1111,75.5
1113,78.7
1115,74.7
1117,57.1
1119,55.5
1121,74
1123,70.5
1125,72.3
1127,98.3
1129,74.8
1131,73.2
1133,90.8
2013,* 
2016,* 
2020,61.5
2050,62.7
2060,* 
2068,* 
2070,* 
2090,58.1
2100,* 
2110,35.1
2122,64.9
2130,88.3
2150,74.7
2164,* 
2170,69.7
2180,103.6
2185,153.4
2188,67.6
2201,81.4
2220,44
2232,* 
2240,76.8
2261,66.1
2270,* 
2280,78.8
2282,* 
2290,58.3
4001,22.9
4003,46.9
4005,36.7
4007,54.3
4009,45.5
4011,64
4012,54.4
4013,52.2
4015,76.6
4017,39.6
4019,50.9
4021,45.5
4023,36.1
4025,51.9
4027,48
5001,85.9
5003,77
5005,85.6
5007,56.4
5009,67.7
5011,86.3
5013,82.5
5015,59.1
5017,76.4
5019,71.6
5021,108.7
5023,83.6
5025,77.5
5027,72
5029,75
5031,74.6
5033,79.1
5035,75.6
5037,77.5
5039,82.2
5041,79.2
5043,77.3
5045,75.9
5047,77.1
5049,64.7
5051,80.6
5053,96.1
5055,89.2
5057,60.6
5059,94.2
5061,96.2
5063,82.3
5065,55.9
5067,104.4
5069,97.5
5071,97.2
5073,98.1
5075,102.7
5077,57
5079,63.4
5081,79.5
5083,87
5085,91.9
5087,67.8
5089,82.7
5091,81.2
5093,73.6
5095,89.5
5097,67.5
5099,69.2
5101,63.9
5103,84
5105,98.8
5107,88.1
5109,87.8
5111,114
5113,67.1
5115,86.3
5117,89
5119,68
5121,83.9
5123,65.2
5125,73.9
5127,91.5
5129,72.1
5131,78.2
5133,70.4
5135,89.3
5137,66.5
5139,89
5141,65.1
5143,67.1
5145,91.2
5147,108.5
5149,88.1
6001,46
6003,* 
6005,58.7
6007,61.4
6009,52.3
6011,56
6013,49.2
6015,78.4
6017,50
6019,50.8
6021,61.2
6023,56.4
6025,44.3
6027,45.7
6029,55.7
6031,48.8
6033,73.7
6035,60.9
6037,39.9
6039,51.8
6041,41.6
6043,54.6
6045,52.2
6047,56.9
6049,43.7
6051,24.6
6053,42.6
6055,53.3
6057,47.3
6059,44.1
6061,49.6
6063,44.2
6065,47.2
6067,56.9
6069,40.2
6071,49.5
6073,49
6075,49
6077,56.8
6079,46.9
6081,45.3
6083,42.1
6085,41.1
6087,37.6
6089,62.5
6091,* 
6093,60.5
6095,58.1
6097,49.5
6099,57.4
6101,56.3
6103,65.2
6105,66.6
6107,47.9
6109,58
6111,41.5
6113,42.3
6115,68.1
8001,52.6
8003,47.9
8005,47.5
8007,31.7
8009,78.2
8011,44
8013,35.5
8014,48.4
8015,36.9
8017,* 
8019,38.1
8021,34.7
8023,* 
8025,* 
8027,59.5
8029,46.3
8031,48.5
8033,* 
8035,37.1
8037,28.3
8039,47.5
8041,50.3
8043,56.4
8045,43.2
8047,* 
8049,47.5
8051,24.8
8053,* 
8055,59.2
8057,* 
8059,43.7
8061,* 
8063,55.1
8065,* 
8067,34.4
8069,39.7
8071,46.9
8073,53.5
8075,36.4
8077,56.1
8079,* 
8081,40
8083,40.2
8085,49.6
8087,49.5
8089,40.5
8091,* 
8093,35.8
8095,53
8097,24.1
8099,67.3
8101,49.8
8103,* 
8105,29.2
8107,31.5
8109,60.6
8111,* 
8113,* 
8115,* 
8117,14.8
8119,41.1
8121,* 
8123,45.7
8125,62.5
9001,54.9
9003,62
9005,62.5
9007,65.7
9009,70.2
9011,68.7
9013,62.7
9015,65
10001,79.2
10003,67.3
10005,74.2
11001,59
12001,67.8
12003,99.5
12005,88.4
12007,82.1
12009,74.2
12011,53.5
12013,78.2
12015,62.3
12017,79.7
12019,79.2
12021,43.3
12023,88.2
12027,57.7
12029,100
12031,78.1
12033,78.4
12035,67.7
12037,93.4
12039,66.4
12041,74.3
12043,54.9
12045,92.6
12047,67.8
12049,69
12051,65.2
12053,74.9
12055,73.3
12057,69.7
12059,71.2
12061,67
12063,48.4
12065,42.5
12067,97.3
12069,76
12071,59.2
12073,54.8
12075,103.5
12077,73.3
12079,54.8
12081,59
12083,82
12085,59.6
12086,44.4
12087,54.6
12089,81.2
12091,71.8
12093,93.3
12095,57.6
12097,54.7
12099,54.1
12101,75.9
12103,68.9
12105,74.4
12107,97.2
12109,65.2
12111,64.5
12113,74.9
12115,57.6
12117,54.2
12119,65.3
12121,87.2
12123,84.4
12125,203.7
12127,70.8
12129,95.9
12131,74.3
12133,74.7
13001,74.4
13003,59.4
13005,87.5
13007,72.9
13009,73.5
13011,65.2
13013,89.6
13015,91.3
13017,84
13019,78.2
13021,79.4
13023,72.3
13025,87.8
13027,76.9
13029,84.3
13031,78.6
13033,85.9
13035,95.7
13037,63.4
13039,67.4
13043,82.9
13045,83.9
13047,65.6
13049,60
13051,65.2
13053,84.3
13055,101.5
13057,73.2
13059,61.8
13061,64.1
13063,65.1
13065,86.9
13067,60.3
13069,79.5
13071,89.5
13073,61.4
13075,90
13077,65
13079,100.7
13081,72.3
13083,79.7
13085,74.1
13087,70.4
13089,53.2
13091,81.3
13093,58.6
13095,73.4
13097,81.1
13099,61.5
13101,* 
13103,85.2
13105,73.4
13107,67.6
13109,68.8
13111,73.2
13113,47.4
13115,81.1
13117,60.6
13119,81.4
13121,54.5
13123,76.1
13125,* 
13127,71.9
13129,94.7
13131,74
13133,69.9
13135,51.8
13137,64.4
13139,61.2
13141,38.8
13143,94.4
13145,62
13147,69
13149,104.6
13151,60.3
13153,73.2
13155,83.4
13157,78.4
13159,78.7
13161,76.2
13163,62.8
13165,68.6
13167,65.4
13169,79.9
13171,86.5
13173,77.2
13175,69.5
13177,83.2
13179,76.8
13181,65.3
13183,88.9
13185,65.3
13187,72.3
13189,69.5
13191,55
13193,69
13195,90.4
13197,64.6
13199,66.8
13201,89.1
13205,85.1
13207,72.7
13209,71.7
13211,65.5
13213,103.1
13215,70.3
13217,78.9
13219,46.8
13221,75.4
13223,77.7
13225,77.9
13227,82.3
13229,80.1
13231,75.6
13233,102
13235,50.6
13237,74.4
13239,110.8
13241,67.1
13243,56.6
13245,72.7
13247,60.7
13249,69.9
13251,79.1
13253,66.4
13255,74.3
13257,76.8
13259,65.5
13261,63.1
13263,73.2
13265,* 
13267,100.8
13269,54.2
13271,55.1
13273,63
13275,74.5
13277,71.4
13279,74
13281,62.4
13283,78.5
13285,71.1
13287,80.4
13289,91.8
13291,70.4
13293,87.8
13295,84.3
13297,67.9
13299,70.6
13301,84.9
13303,68.2
13305,76.2
13307,* 
13309,62.8
13311,69.8
13313,77.6
13315,64.9
13317,66
13319,79.9
13321,70.8
15001,44.9
15003,48.3
15005,* 
15007,45.2
15009,43.2
16001,52.2
16003,69.5
16005,41
16007,* 
16009,79
16011,38.7
16013,22.6
16015,69.2
16017,54.3
16019,35.7
16021,46.3
16023,* 
16025,* 
16027,56.1
16029,* 
16031,34
16033,* 
16035,55.4
16037,52.4
16039,72.4
16041,* 
16043,40.4
16045,67.1
16047,66.9
16049,48.2
16051,33.9
16053,48
16055,56.6
16057,50.6
16059,46.5
16061,66.5
16063,* 
16065,* 
16067,54.8
16069,69.3
16071,* 
16073,40.7
16075,64.8
16077,41.4
16079,98.7
16081,* 
16083,53.4
16085,41.3
16087,68.3
17001,74.1
17003,93.5
17005,70.2
17007,66.3
17009,81.4
17011,69.6
17013,81.4
17015,54
17017,89.7
17019,62.4
17021,94.1
17023,75.5
17025,79.5
17027,63.6
17029,80.4
17031,63.4
17033,88.9
17035,89.1
17037,72.8
17039,94.3
17041,66.3
17043,56.1
17045,76.6
17047,88.7
17049,67.5
17051,58
17053,66.8
17055,103.4
17057,74.9
17059,87.9
17061,72.7
17063,90
17065,85.2
17067,74.4
17069,90.3
17071,78.2
17073,74.9
17075,72
17077,69
17079,67.3
17081,92.7
17083,78.7
17085,55.9
17087,83.6
17089,58.9
17091,73.6
17093,54.6
17095,69.1
17097,58.2
17099,76.4
17101,88.2
17103,66.9
17105,81.6
17107,90.7
17109,63.1
17111,65.3
17113,64.1
17115,96.6
17117,79.5
17119,83.5
17121,91.5
17123,58.5
17125,92.3
17127,100.9
17129,75.9
17131,76.7
17133,60.9
17135,86.5
17137,77.6
17139,56.9
17141,66.7
17143,84
17145,74.4
17147,79.8
17149,68.4
17151,105.5
17153,113.1
17155,73.5
17157,78.6
17159,81.6
17161,66.8
17163,75.8
17165,91.8
17167,77.6
17169,82.9
17171,83.2
17173,77.1
17175,77.3
17177,63.8
17179,87.2
17181,102.7
17183,86.4
17185,91.6
17187,74
17189,74.1
17191,89.2
17193,81.2
17195,71.8
17197,72
17199,97.5
17201,74
17203,61
18001,50.2
18003,61.9
18005,77.8
18007,82.7
18009,74.9
18011,67
18013,61.8
18015,66.1
18017,89.5
18019,88.1
18021,73.8
18023,76.2
18025,94.6
18027,62.8
18029,82.3
18031,69.6
18033,68.5
18035,79.9
18037,55
18039,70.2
18041,87.4
18043,79.3
18045,82.3
18047,64.7
18049,83.8
18051,70
18053,85.5
18055,81.1
18057,46.7
18059,83.1
18061,90.7
18063,69.9
18065,76.6
18067,75
18069,65
18071,81.4
18073,85.6
18075,68.9
18077,81.7
18079,97.9
18081,67.9
18083,76
18085,71.6
18087,56.4
18089,74
18091,77.2
18093,89.5
18095,81.8
18097,79.7
18099,67.1
18101,71.5
18103,77.1
18105,66.9
18107,70
18109,83.9
18111,75.3
18113,69
18115,123.2
18117,85.4
18119,85
18121,75.1
18123,101.2
18125,66.6
18127,73.6
18129,60.3
18131,71.1
18133,95.1
18135,83.1
18137,75.6
18139,80.8
18141,71.5
18143,91.8
18145,81.8
18147,77.9
18149,93.5
18151,71
18153,81.8
18155,84.7
18157,64
18159,73.3
18161,65.2
18163,79.6
18165,92.6
18167,80.4
18169,64.3
18171,66
18173,66.7
18175,96.2
18177,85.2
18179,52.4
18181,76.2
18183,63.8
19001,65.2
19003,68.9
19005,39.9
19007,78.5
19009,42.4
19011,67.5
19013,72.5
19015,61.3
19017,41.6
19019,82.8
19021,40.9
19023,45.4
19025,54.6
19027,60.8
19029,73.2
19031,66.5
19033,65.8
19035,47.6
19037,52.9
19039,70.6
19041,57.8
19043,60.3
19045,64.1
19047,54.8
19049,61.6
19051,53.6
19053,65
19055,38.4
19057,86.7
19059,59.6
19061,59.4
19063,69.8
19065,59.9
19067,65.7
19069,54.7
19071,76.2
19073,63.7
19075,48.7
19077,55.6
19079,64.7
19081,58.8
19083,58.5
19085,86.4
19087,70.4
19089,41.9
19091,54.5
19093,55.6
19095,47.5
19097,66.1
19099,72.4
19101,49.5
19103,50.5
19105,57.8
19107,68.1
19109,58
19111,73.2
19113,65.7
19115,64.1
19117,60.1
19119,45.2
19121,58.2
19123,79.1
19125,57.4
19127,65.8
19129,73.1
19131,48.2
19133,58.3
19135,74.8
19137,59
19139,62.8
19141,53.2
19143,52.1
19145,98
19147,61.1
19149,54.9
19151,52.4
19153,75.3
19155,84.6
19157,43.4
19159,46.1
19161,57.4
19163,72.7
19165,52.4
19167,43.1
19169,56
19171,65.3
19173,57.9
19175,74.3
19177,75.4
19179,78.5
19181,69.5
19183,52.9
19185,63.7
19187,67.6
19189,61.3
19191,36
19193,71.5
19195,45.3
19197,56.1
20001,_ 
20003,_ 
20005,_ 
20007,_ 
20009,_ 
20011,_ 
20013,_ 
20015,_ 
20017,_ 
20019,_ 
20021,_ 
20023,_ 
20025,_ 
20027,_ 
20029,_ 
20031,_ 
20033,_ 
20035,_ 
20037,_ 
20039,_ 
20041,_ 
20043,_ 
20045,_ 
20047,_ 
20049,_ 
20051,_ 
20053,_ 
20055,_ 
20057,_ 
20059,_ 
20061,_ 
20063,_ 
20065,_ 
20067,_ 
20069,_ 
20071,_ 
20073,_ 
20075,_ 
20077,_ 
20079,_ 
20081,_ 
20083,_ 
20085,_ 
20087,_ 
20089,_ 
20091,_ 
20093,_ 
20095,_ 
20097,_ 
20099,_ 
20101,_ 
20103,_ 
20105,_ 
20107,_ 
20109,_ 
20111,_ 
20113,_ 
20115,_ 
20117,_ 
20119,_ 
20121,_ 
20123,_ 
20125,_ 
20127,_ 
20129,_ 
20131,_ 
20133,_ 
20135,_ 
20137,_ 
20139,_ 
20141,_ 
20143,_ 
20145,_ 
20147,_ 
20149,_ 
20151,_ 
20153,_ 
20155,_ 
20157,_ 
20159,_ 
20161,_ 
20163,_ 
20165,_ 
20167,_ 
20169,_ 
20171,_ 
20173,_ 
20175,_ 
20177,_ 
20179,_ 
20181,_ 
20183,_ 
20185,_ 
20187,_ 
20189,_ 
20191,_ 
20193,_ 
20195,_ 
20197,_ 
20199,_ 
20201,_ 
20203,_ 
20205,_ 
20207,_ 
20209,_ 
21001,91.2
21003,82.9
21005,95.1
21007,94.3
21009,106.9
21011,109
21013,99.5
21015,86
21017,93.4
21019,92.7
21021,77.6
21023,120.6
21025,105.7
21027,110.2
21029,90.9
21031,87.2
21033,103.9
21035,79.1
21037,94.5
21039,95.2
21041,120.7
21043,103
21045,108.6
21047,84.9
21049,93.4
21051,118.6
21053,111.7
21055,76.6
21057,96.4
21059,110.2
21061,85.6
21063,73.8
21065,124.6
21067,74
21069,90.5
21071,149.4
21073,93
21075,112.4
21077,104
21079,97.8
21081,95.8
21083,85.8
21085,129.7
21087,86.4
21089,107.4
21091,81.9
21093,101.5
21095,127.6
21097,95.8
21099,114.5
21101,97.8
21103,109.3
21105,80
21107,89.9
21109,118.3
21111,89.6
21113,89
21115,113
21117,90.3
21119,116.1
21121,125
21123,74.6
21125,89.1
21127,113.9
21129,117.7
21131,151.8
21133,118.5
21135,112.6
21137,98.5
21139,113.1
21141,103.5
21143,86.4
21145,80.9
21147,157.5
21149,101.7
21151,91.6
21153,109.7
21155,100.8
21157,82.9
21159,145.1
21161,123.7
21163,118.1
21165,124.6
21167,93.3
21169,107.7
21171,106.8
21173,94.8
21175,98.9
21177,102.6
21179,90.4
21181,106.5
21183,124.8
21185,77.2
21187,91.2
21189,148.1
21191,97.9
21193,139.7
21195,123
21197,152.9
21199,93.6
21201,111.8
21203,118.1
21205,92.4
21207,102.4
21209,87.3
21211,76.6
21213,106.5
21215,84.8
21217,100.2
21219,83.1
21221,94.6
21223,113.2
21225,106.4
21227,91.3
21229,80.5
21231,101.7
21233,109.1
21235,122.4
21237,118.3
21239,68.2
22001,79.6
22003,71.2
22005,68.6
22007,77.8
22009,85.2
22011,76.4
22013,82
22015,75.3
22017,69
22019,68.4
22021,95.2
22023,64.1
22025,93
22027,69.5
22029,76.7
22031,80.7
22033,56.4
22035,98
22037,61.1
22039,81.8
22041,77.2
22043,100.8
22045,78.2
22047,92.2
22049,80.5
22051,67.4
22053,81.8
22055,69.9
22057,70.9
22059,87.6
22061,60.7
22063,81.6
22065,66.7
22067,76.1
22069,66
22071,67.6
22073,78.3
22075,70.4
22077,53.5
22079,68.9
22081,57.9
22083,79
22085,66.5
22087,97.4
22089,71.2
22091,64.3
22093,58
22095,61.6
22097,80.3
22099,75.1
22101,66.6
22103,67.3
22105,79.3
22107,58.5
22109,76.2
22111,78.9
22113,77.5
22115,91.7
22117,92
22119,86.3
22121,71.5
22123,78.5
22125,80.1
22127,80.3
23001,78.1
23003,84.1
23005,68.3
23007,57.7
23009,68.8
23011,75.6
23013,72
23015,50.8
23017,85.6
23019,84.4
23021,75.8
23023,66
23025,84.3
23027,83.6
23029,87.8
23031,71.7
24001,78.1
24003,64.3
24005,67.6
24009,64.7
24011,75.1
24013,61
24015,79.2
24017,55.4
24019,73.1
24021,52.7
24023,49.5
24025,68.6
24027,44.4
24029,61.1
24031,35.4
24033,46.6
24035,63.9
24037,68.8
24039,95.9
24041,51.1
24043,71.8
24045,79.4
24047,70.2
24510,80.9
25001,60
25003,70
25005,72.9
25007,53.7
25009,67.5
25011,52.1
25013,67.8
25015,52.5
25017,61.8
25019,52.8
25021,63
25023,72.4
25025,69.7
25027,69.8
26001,66.2 #  
26003,48.6 #  
26005,53.7 #  
26007,77.1 #  
26009,59.1 #  
26011,104.9 #  
26013,74.9 #  
26015,45.3 #  
26017,60.7 #  
26019,71.4 #  
26021,69.7 #  
26023,61.6 #  
26025,71.1 #  
26027,56.1 #  
26029,61.7 #  
26031,73.6 #  
26033,73.6 #  
26035,75.6 #  
26037,36.6 #  
26039,73 #  
26041,63.2 #  
26043,50.7 #  
26045,51.8 #  
26047,63 #  
26049,80.3 #  
26051,79 #  
26053,63.1 #  
26055,66.4 #  
26057,66 #  
26059,62.4 #  
26061,49.6 #  
26063,56.8 #  
26065,58.8 #  
26067,63.5 #  
26069,65.6 #  
26071,60.4 #  
26073,69.2 #  
26075,82 #  
26077,61.3 #  
26079,73.4 #  
26081,59.3 #  
26083,* 
26085,77.4 #  
26087,71.9 #  
26089,35.7 #  
26091,60 #  
26093,54.6 #  
26095,84 #  
26097,61.9 #  
26099,75.2
26101,67.3 #  
26103,64.9 #  
26105,54.9 #  
26107,69.4 #  
26109,50.1 #  
26111,58 #  
26113,73.3 #  
26115,63.6 #  
26117,75.3 #  
26119,78.6 #  
26121,77.6 #  
26123,63.8 #  
26125,62.8
26127,51.2 #  
26129,73.2 #  
26131,71.1 #  
26133,97 #  
26135,87.3 #  
26137,68.2 #  
26139,39.3 #  
26141,57.9 #  
26143,81 #  
26145,69.1 #  
26147,69.5 #  
26149,65.7 #  
26151,50.2 #  
26153,70.8 #  
26155,77.9 #  
26157,73.5 #  
26159,68.2 #  
26161,54.4 #  
26163,83
26165,90.7 #  
27001,_ 
27003,_ 
27005,_ 
27007,_ 
27009,_ 
27011,_ 
27013,_ 
27015,_ 
27017,_ 
27019,_ 
27021,_ 
27023,_ 
27025,_ 
27027,_ 
27029,_ 
27031,_ 
27033,_ 
27035,_ 
27037,_ 
27039,_ 
27041,_ 
27043,_ 
27045,_ 
27047,_ 
27049,_ 
27051,_ 
27053,_ 
27055,_ 
27057,_ 
27059,_ 
27061,_ 
27063,_ 
27065,_ 
27067,_ 
27069,_ 
27071,_ 
27073,_ 
27075,_ 
27077,_ 
27079,_ 
27081,_ 
27083,_ 
27085,_ 
27087,_ 
27089,_ 
27091,_ 
27093,_ 
27095,_ 
27097,_ 
27099,_ 
27101,_ 
27103,_ 
27105,_ 
27107,_ 
27109,_ 
27111,_ 
27113,_ 
27115,_ 
27117,_ 
27119,_ 
27121,_ 
27123,_ 
27125,_ 
27127,_ 
27129,_ 
27131,_ 
27133,_ 
27135,_ 
27137,_ 
27139,_ 
27141,_ 
27143,_ 
27145,_ 
27147,_ 
27149,_ 
27151,_ 
27153,_ 
27155,_ 
27157,_ 
27159,_ 
27161,_ 
27163,_ 
27165,_ 
27167,_ 
27169,_ 
27171,_ 
27173,_ 
28001,69
28003,75.7
28005,56.9
28007,62.5
28009,61.8
28011,76.2
28013,88.1
28015,72.3
28017,78.4
28019,44.4
28021,93.3
28023,75
28025,78.5
28027,76.3
28029,86.2
28031,78
28033,78.4
28035,84.2
28037,49.9
28039,74.7
28041,46.1
28043,93.4
28045,72.8
28047,89.5
28049,75.4
28051,95
28053,72.3
28055,* 
28057,95.6
28059,75.8
28061,78.7
28063,77.7
28065,68.6
28067,62.9
28069,57
28071,63.6
28073,62.7
28075,70.4
28077,106
28079,75
28081,91.3
28083,82.3
28085,68.5
28087,70.2
28089,70.9
28091,81.8
28093,80.6
28095,81.6
28097,65.6
28099,59.2
28101,68.2
28103,57.8
28105,51.9
28107,75.2
28109,89
28111,81.6
28113,78.4
28115,80.5
28117,82.4
28119,75.1
28121,76.4
28123,87.3
28125,55.8
28127,85.9
28129,61.9
28131,82.2
28133,65
28135,81.1
28137,87.8
28139,71.8
28141,78.4
28143,84.2
28145,72.4
28147,50.8
28149,73.7
28151,75.8
28153,61.2
28155,90.6
28157,60.5
28159,83.9
28161,114.7
28163,95.3
29001,57.8
29003,50.5
29005,71
29007,90.1
29009,77.4
29011,67.2
29013,80.8
29015,89.1
29017,96.4
29019,63.4
29021,86.8
29023,95.7
29025,89.3
29027,79.4
29029,68.6
29031,70.1
29033,94.6
29035,110
29037,70.1
29039,78.3
29041,67.7
29043,63
29045,95.2
29047,79
29049,83.5
29051,64
29053,69
29055,93.1
29057,83.3
29059,79.2
29061,75
29063,39.5
29065,74.4
29067,51.9
29069,100.1
29071,76.9
29073,64
29075,66.3
29077,69.8
29079,71.9
29081,79.6
29083,100.3
29085,73.4
29087,68.3
29089,54.6
29091,81.4
29093,103.3
29095,75.3
29097,85.8
29099,85.9
29101,66.1
29103,92.7
29105,76.5
29107,73.9
29109,66.5
29111,79.9
29113,87.7
29115,91.5
29117,86.8
29119,77.8
29121,41.9
29123,106.8
29125,60.4
29127,87.9
29129,114.1
29131,88.8
29133,100
29135,54.6
29137,77.2
29139,83
29141,85
29143,112.7
29145,57.8
29147,73.5
29149,65.2
29151,59.6
29153,78.9
29155,88.6
29157,75.1
29159,71.2
29161,71.7
29163,94.3
29165,59.8
29167,66
29169,103.4
29171,92.9
29173,67
29175,84.8
29177,92.8
29179,68.4
29181,95
29183,73.7
29185,73.6
29186,53.6
29187,106.8
29189,69
29195,74.3
29197,64.2
29199,58
29201,99
29203,70.3
29205,71.9
29207,93.4
29209,66.5
29211,88.6
29213,80.6
29215,71
29217,75.9
29219,76
29221,93
29223,114.9
29225,73.9
29227,* 
29229,83.4
29510,88.9
30001,52
30003,42.3
30005,76.8
30007,44.9
30009,35.8
30011,* 
30013,66.6
30015,59.1
30017,70.8
30019,* 
30021,84.6
30023,59.5
30025,* 
30027,58.5
30029,58.4
30031,37.1
30033,* 
30035,92.4
30037,* 
30039,* 
30041,64.4
30043,71.9
30045,* 
30047,52.6
30049,65.2
30051,* 
30053,71.4
30055,* 
30057,44.9
30059,97.1
30061,66.4
30063,56.9
30065,82
30067,42.8
30069,* 
30071,53.2
30073,66.3
30075,* 
30077,85.3
30079,* 
30081,48.9
30083,78.6
30085,64.2
30087,56.8
30089,62.1
30091,68
30093,56
30095,49.2
30097,70.2
30099,60.8
30101,77.5
30103,* 
30105,48.8
30107,* 
30109,* 
30111,60.9
31001,62.7
31003,51.1
31005,* 
31007,* 
31009,* 
31011,50.2
31013,48.9
31015,* 
31017,* 
31019,49.3
31021,66.2
31023,48
31025,65.5
31027,32.5
31029,77.6
31031,38.1
31033,60.7
31035,54.1
31037,45.9
31039,41.6
31041,48.3
31043,73
31045,43.8
31047,45.9
31049,* 
31051,63.3
31053,70.2
31055,69.5
31057,* 
31059,48.1
31061,* 
31063,* 
31065,65.8
31067,59.5
31069,* 
31071,* 
31073,* 
31075,* 
31077,* 
31079,57.8
31081,48
31083,* 
31085,* 
31087,* 
31089,49.5
31091,* 
31093,54.1
31095,65.2
31097,97.5
31099,60.8
31101,49.2
31103,* 
31105,60.6
31107,59.3
31109,57.3
31111,57.1
31113,* 
31115,* 
31117,* 
31119,61.4
31121,68
31123,71.6
31125,* 
31127,62.5
31129,64.8
31131,59.6
31133,60.9
31135,* 
31137,44.3
31139,56
31141,54.9
31143,65.7
31145,49.5
31147,60.6
31149,* 
31151,79.5
31153,65.1
31155,60.8
31157,45.9
31159,44.2
31161,42.2
31163,* 
31165,* 
31167,* 
31169,57.9
31171,* 
31173,65.1
31175,* 
31177,43.1
31179,29.3
31181,68.8
31183,* 
31185,36.8
32001,__ 
32003,__ 
32005,__ 
32007,__ 
32009,__ 
32011,__ 
32013,__ 
32015,__ 
32017,__ 
32019,__ 
32021,__ 
32023,__ 
32027,__ 
32029,__ 
32031,__ 
32033,__ 
32510,__ 
33001,65.6
33003,65.8
33005,66.6
33007,69.9
33009,56.4
33011,66.2
33013,66.9
33015,72.5
33017,75
33019,72.6
34001,69.9
34003,50.9
34005,65.1
34007,71.9
34009,83.5
34011,73.4
34013,50.9
34015,80.5
34017,48.8
34019,54.4
34021,59.1
34023,53.4
34025,63.9
34027,49.6
34029,71.4
34031,53.8
34033,72.8
34035,48.7
34037,64.2
34039,47.9
34041,65.4
35001,39.4
35003,41.2
35005,47.5
35006,50.6
35007,38.1
35009,46.8
35011,* 
35013,42.6
35015,47.3
35017,44.7
35019,* 
35021,* 
35023,* 
35025,57.7
35027,45.4
35028,26.5
35029,56.8
35031,13.5
35033,* 
35035,58.5
35037,62.1
35039,34.8
35041,55.2
35043,40.4
35045,44
35047,37.3
35049,31.7
35051,55.1
35053,47.8
35055,35
35057,49
35059,* 
35061,50.8
36001,73
36003,76.9
36005,50.4
36007,61.7
36009,75.8
36011,77.7
36013,67.9
36015,77
36017,71.9
36019,95.1
36021,79
36023,79
36025,68.9
36027,64.7
36029,76.2
36031,68
36033,77.9
36035,80
36037,80.4
36039,72.7
36041,78.4
36043,71.1
36045,79.6
36047,49.3
36049,62.7
36051,67.2
36053,79.9
36055,65.2
36057,81.1
36059,58.4
36061,50.4
36063,80.1
36065,79.9
36067,78.2
36069,72.6
36071,67.8
36073,89.8
36075,92.6
36077,66.5
36079,69
36081,47.8
36083,84
36085,66.4
36087,50.2
36089,82.4
36091,72.2
36093,70.9
36095,65.1
36097,70.3
36099,81.3
36101,80
36103,69.7
36105,71.9
36107,64.4
36109,57.6
36111,71.5
36113,71.2
36115,88.7
36117,72.8
36119,53.2
36121,68.3
36123,73.2
37001,71.3
37003,75.7
37005,62.4
37007,80.5
37009,70.1
37011,65.5
37013,83.5
37015,69.7
37017,64.1
37019,69.8
37021,66.2
37023,83.1
37025,76.9
37027,82.9
37029,41.1
37031,76.1
37033,70.4
37035,68.8
37037,53
37039,79.1
37041,66.1
37043,69.3
37045,72.3
37047,82.6
37049,81
37051,73.3
37053,78.6
37055,66.3
37057,83.9
37059,81.6
37061,62
37063,61.1
37065,65.8
37067,70.9
37069,76.3
37071,87.2
37073,51.8
37075,48.8
37077,82.3
37079,70.2
37081,70.3
37083,68.9
37085,86.3
37087,70.2
37089,59.9
37091,68.3
37093,96.9
37095,83.6
37097,73.9
37099,64.9
37101,70.1
37103,86.4
37105,76.6
37107,73
37109,71.6
37111,88.6
37113,75.4
37115,56.5
37117,68
37119,59.4
37121,81.4
37123,71.3
37125,73.7
37127,72.8
37129,66.2
37131,72.4
37133,85.5
37135,57.5
37137,83.3
37139,68.8
37141,70.9
37143,68.9
37145,84.6
37147,62.9
37149,50.3
37151,86.5
37153,85.7
37155,69.2
37157,89.9
37159,85.9
37161,79.4
37163,77.7
37165,84.5
37167,80.4
37169,90.6
37171,82.9
37173,95.5
37175,53.6
37177,97.5
37179,62.9
37181,71
37183,55.9
37185,81.7
37187,58.6
37189,51.4
37191,76.6
37193,77.2
37195,71.2
37197,82.2
37199,86.3
38001,* 
38003,64.5
38005,59.4
38007,* 
38009,58.3
38011,81.7
38013,* 
38015,52.2
38017,59.8
38019,50.3
38021,49.6
38023,* 
38025,* 
38027,* 
38029,43.3
38031,* 
38033,* 
38035,59.7
38037,* 
38039,* 
38041,* 
38043,* 
38045,* 
38047,* 
38049,63.6
38051,* 
38053,43.5
38055,53.4
38057,50.6
38059,68.7
38061,70.9
38063,71.9
38065,* 
38067,65.2
38069,41
38071,73.7
38073,67.9
38075,* 
38077,45.2
38079,76.5
38081,100
38083,* 
38085,* 
38087,* 
38089,42.7
38091,* 
38093,56.5
38095,* 
38097,62
38099,56.7
38101,64.6
38103,40.6
38105,53.9
39001,87.1
39003,70.4
39005,61.2
39007,79.2
39009,76.6
39011,68.1
39013,61.3
39015,106.2
39017,75
39019,79.7
39021,64
39023,76.8
39025,85.3
39027,86.6
39029,68.6
39031,74
39033,66.6
39035,68.7
39037,65.9
39039,67.3
39041,61
39043,65
39045,73.6
39047,87.4
39049,70.3
39051,48.4
39053,88.7
39055,51.4
39057,60.9
39059,82.2
39061,75.1
39063,57.9
39065,72.9
39067,72.7
39069,55.3
39071,75.8
39073,75.9
39075,40
39077,78.2
39079,82.3
39081,78.6
39083,69.8
39085,73
39087,83.4
39089,78.5
39091,70.7
39093,71
39095,61.9
39097,74.8
39099,69.4
39101,82.9
39103,62.1
39105,71.8
39107,52.9
39109,73.7
39111,60.3
39113,76.4
39115,80.5
39117,80.1
39119,80.6
39121,48.6
39123,66
39125,87.6
39127,78.5
39129,77.5
39131,91.3
39133,72.1
39135,72.2
39137,45.5
39139,71.5
39141,85.2
39143,69.2
39145,97.8
39147,72.1
39149,55.7
39151,68.1
39153,67.2
39155,80.8
39157,61
39159,68.9
39161,56.2
39163,114.2
39165,65.8
39167,75.8
39169,57
39171,66
39173,53.3
39175,74.4
40001,71.5
40003,61.2
40005,80.2
40007,* 
40009,53.8
40011,66.4
40013,87.9
40015,85.3
40017,70.2
40019,77.6
40021,79.3
40023,80.4
40025,* 
40027,66.3
40029,85.8
40031,72.8
40033,59.8
40035,85.9
40037,87.7
40039,71.5
40041,71.3
40043,48.3
40045,65.8
40047,62.4
40049,87.9
40051,67.6
40053,60.2
40055,89.8
40057,* 
40059,76.8
40061,75.8
40063,88.5
40065,58.6
40067,79
40069,54.9
40071,72.9
40073,70.4
40075,75.1
40077,59.9
40079,62.2
40081,66.3
40083,67.4
40085,57.5
40087,83
40089,94.2
40091,76.9
40093,59.3
40095,71.7
40097,84.2
40099,97.5
40101,97.9
40103,59.7
40105,59.7
40107,65.3
40109,69.5
40111,95.2
40113,55.9
40115,80.2
40117,77.7
40119,62
40121,76.3
40123,73.3
40125,85.4
40127,65.2
40129,* 
40131,62.8
40133,85.9
40135,71.1
40137,69.2
40139,51.3
40141,59.7
40143,67.1
40145,68.8
40147,78.6
40149,52.9
40151,55.5
40153,41
41001,65
41003,48.9
41005,55.2
41007,72.4
41009,63.2
41011,73.5
41013,54
41015,61.9
41017,53.1
41019,67
41021,* 
41023,41.9
41025,43.9
41027,45.6
41029,62.6
41031,50.9
41033,72.1
41035,60.3
41037,47
41039,53.9
41041,74.4
41043,71.3
41045,54
41047,66.1
41049,62.3
41051,62.2
41053,52.1
41055,* 
41057,63.6
41059,58
41061,44.7
41063,46.3
41065,74.1
41067,48
41069,* 
41071,65.2
42001,59.2
42003,72.5
42005,66.4
42007,76.5
42009,51
42011,64.1
42013,66.3
42015,70.7
42017,62.5
42019,61.4
42021,56.7
42023,60.6
42025,72.7
42027,53.1
42029,54
42031,59.2
42033,60.3
42035,67.7
42037,58
42039,67.5
42041,56.8
42043,66.7
42045,70.8
42047,65.8
42049,66.5
42051,77.5
42053,68.6
42055,58.5
42057,54.3
42059,84.2
42061,58.4
42063,52.9
42065,66.1
42067,54.7
42069,70.4
42071,53.3
42073,71.3
42075,65.3
42077,63.6
42079,68.7
42081,67.1
42083,68.1
42085,66.9
42087,70.4
42089,72.5
42091,56.8
42093,56.1
42095,64.7
42097,66.3
42099,71.8
42101,81.5
42103,64.5
42105,79.8
42107,68.1
42109,50.4
42111,48.5
42113,69.3
42115,53.6
42117,69.6
42119,57.6
42121,74.7
42123,59.9
42125,68.2
42127,64.4
42129,70.5
42131,77.1
42133,67.2
44001,54.5
44003,68.9
44005,60.1
44007,72.7
44009,64.8
45001,68.1
45003,58.5
45005,61.7
45007,69.6
45009,59
45011,59.5
45013,49
45015,84.8
45017,59.7
45019,65.5
45021,87.7
45023,77.4
45025,81.2
45027,70
45029,93.5
45031,72.4
45033,85.5
45035,70.6
45037,58.5
45039,57.9
45041,72.8
45043,59.2
45045,64.6
45047,63.2
45049,78.1
45051,74.7
45053,51.9
45055,73.6
45057,67.5
45059,80.2
45061,73
45063,68.5
45065,67.4
45067,79.3
45069,87.2
45071,58.5
45073,68.8
45075,63.3
45077,74
45079,70.1
45081,55.1
45083,73.1
45085,72
45087,94.2
45089,66.3
45091,66.8
46003,96
46005,48.6
46007,* 
46009,55.7
46011,53.5
46013,57.5
46015,83
46017,* 
46019,60.8
46021,* 
46023,48.9
46025,* 
46027,61.4
46029,49.4
46031,* 
46033,38.6
46035,64.2
46037,45
46039,48
46041,82.2
46043,81.9
46045,* 
46047,63.6
46049,* 
46051,55.1
46053,75.8
46055,* 
46057,47.8
46059,* 
46061,* 
46063,* 
46065,52.1
46067,41.9
46069,* 
46071,* 
46073,* 
46075,* 
46077,62.6
46079,46
46081,47.8
46083,48.9
46085,* 
46087,86
46089,* 
46091,53.7
46093,56.4
46095,* 
46097,88.3
46099,65.3
46101,44.2
46103,66.1
46105,* 
46107,89
46109,46.4
46111,* 
46113,59.9
46115,48.8
46117,* 
46119,* 
46121,* 
46123,42.6
46125,56.2
46127,80.2
46129,47
46135,61.4
46137,* 
47001,71.1
47003,69.4
47005,104.7
47007,85.2
47009,79
47011,81
47013,105.9
47015,59.7
47017,80
47019,78.3
47021,92.3
47023,76.7
47025,107.7
47027,76.1
47029,96.9
47031,84.4
47033,64.6
47035,79.8
47037,72
47039,87.4
47041,91.3
47043,87.9
47045,77.9
47047,58.7
47049,92.7
47051,70.6
47053,80.5
47055,82.1
47057,82.2
47059,96.4
47061,96.1
47063,77.9
47065,68.4
47067,83.1
47069,94.2
47071,85.9
47073,102.7
47075,80.4
47077,93.4
47079,88.4
47081,91.5
47083,96.8
47085,99.2
47087,102.8
47089,68.9
47091,88
47093,73.8
47095,96.8
47097,92.9
47099,78.2
47101,116.1
47103,64.3
47105,69.2
47107,81.4
47109,89.5
47111,100.4
47113,70.7
47115,102.9
47117,91.6
47119,73.5
47121,83.7
47123,98.6
47125,84.3
47127,63.5
47129,94.3
47131,72.6
47133,98.2
47135,93.8
47137,94.8
47139,116
47141,71.6
47143,99
47145,88.6
47147,83.2
47149,68.5
47151,109.2
47153,96.8
47155,83.5
47157,67.3
47159,92.7
47161,90.8
47163,75.7
47165,65.9
47167,94.6
47169,101.4
47171,89.3
47173,100.7
47175,55.8
47177,84.7
47179,71.6
47181,79.1
47183,72.4
47185,89.7
47187,46.6
47189,76.5
48001,78.1
48003,64.3
48005,76.4
48007,78.1
48009,61.5
48011,* 
48013,42.4
48015,48
48017,* 
48019,58.8
48021,69.2
48023,80.4
48025,50.9
48027,81.5
48029,45.1
48031,46.3
48033,* 
48035,58.4
48037,80.2
48039,63
48041,49
48043,36.4
48045,* 
48047,* 
48049,65.2
48051,73.1
48053,65.3
48055,65.1
48057,70
48059,80.4
48061,38.4
48063,74.8
48065,44.5
48067,68.9
48069,50.7
48071,68.3
48073,83.3
48075,72.5
48077,68.8
48079,* 
48081,52.5
48083,70.7
48085,49.4
48087,* 
48089,65.6
48091,58.1
48093,76.4
48095,* 
48097,62.1
48099,81.2
48101,* 
48103,* 
48105,* 
48107,57
48109,* 
48111,79.4
48113,56
48115,59.2
48117,55.1
48119,58.8
48121,53.3
48123,57.9
48125,* 
48127,32.2
48129,74
48131,45.6
48133,71
48135,69.9
48137,* 
48139,64.8
48141,32.9
48143,53.1
48145,61
48147,78.7
48149,54.2
48151,46.7
48153,61.1
48155,* 
48157,43.1
48159,78.4
48161,60.1
48163,39.2
48165,46.8
48167,63.2
48169,61.3
48171,48.8
48173,* 
48175,65.5
48177,47.3
48179,90.1
48181,78
48183,71.9
48185,48.2
48187,58.6
48189,60
48191,65.4
48193,59.4
48195,61.3
48197,76.1
48199,66.4
48201,56
48203,79.5
48205,* 
48207,40.6
48209,47.2
48211,86.4
48213,89.9
48215,32.7
48217,69.9
48219,51.8
48221,64.2
48223,66
48225,63.1
48227,73.3
48229,* 
48231,80.2
48233,58.4
48235,* 
48237,68
48239,57.5
48241,60.3
48243,* 
48245,65.7
48247,* 
48249,40.7
48251,71.5
48253,60.1
48255,72
48257,79.4
48259,44
48261,* 
48263,* 
48265,53.9
48267,58.6
48269,* 
48271,* 
48273,53.1
48275,67.1
48277,78.4
48279,41
48281,74.1
48283,* 
48285,55.3
48287,44
48289,67.1
48291,84.3
48293,81.8
48295,* 
48297,49.4
48299,53.4
48301,* 
48303,53.2
48305,47.9
48307,56
48309,66.1
48311,* 
48313,53.7
48315,88.8
48317,* 
48319,* 
48321,67.8
48323,36.7
48325,45.6
48327,* 
48329,54
48331,65.2
48333,45
48335,81.9
48337,92.2
48339,61.3
48341,65.5
48343,81.2
48345,* 
48347,74.5
48349,62.3
48351,65.9
48353,58.9
48355,51.7
48357,60.4
48359,* 
48361,82.7
48363,80.8
48365,70.7
48367,70.9
48369,42
48371,40.7
48373,99.4
48375,73.3
48377,* 
48379,87.5
48381,52.8
48383,* 
48385,49.4
48387,67
48389,35.8
48391,79.8
48393,* 
48395,58.2
48397,49.2
48399,61.1
48401,69.8
48403,71.3
48405,73.8
48407,93
48409,73.5
48411,60.9
48413,* 
48415,76.8
48417,* 
48419,73.4
48421,* 
48423,67.3
48425,62
48427,38.5
48429,83.7
48431,* 
48433,* 
48435,* 
48437,49.7
48439,60.2
48441,60.3
48443,* 
48445,70.7
48447,* 
48449,49.2
48451,54.1
48453,44.8
48455,90.7
48457,72.8
48459,75.5
48461,* 
48463,38.1
48465,35.4
48467,68.7
48469,57.6
48471,68.5
48473,53.7
48475,69.8
48477,44.7
48479,30.3
48481,49.7
48483,54
48485,74.9
48487,62.3
48489,40.4
48491,50.9
48493,43.7
48495,67.8
48497,63.1
48499,75.4
48501,66.2
48503,74.2
48505,38.2
48507,* 
49001,* 
49003,20.4
49005,15.8
49007,51.1
49009,* 
49011,25
49013,50.2
49015,* 
49017,* 
49019,61.9
49021,29.5
49023,* 
49025,32.6
49027,25.8
49029,* 
49031,* 
49033,* 
49035,32.1
49037,* 
49039,29.3
49041,30.3
49043,18.2
49045,40.2
49047,27.6
49049,18.5
49051,34.5
49053,29.7
49055,* 
49057,33.6
50001,65.6
50003,64.3
50005,74.8
50007,65.5
50009,77.6
50011,79.6
50013,89.1
50015,66.1
50017,67.2
50019,59.4
50021,72.6
50023,61
50025,58.9
50027,67.4
51001,91.1
51003,41
51005,54.8
51007,75.3
51009,64.7
51011,75.5
51013,37.2
51015,51.7
51017,66
51021,83.5
51023,56.4
51025,74.6
51027,53.9
51029,76.7
51031,54.2
51033,83.6
51035,56.4
51036,51.9
51037,59.5
51041,69.4
51043,63.4
51045,58.9
51047,70.6
51049,64.8
51051,76.1
51053,70.9
51057,81.5
51059,40
51061,48.7
51063,47.5
51065,66.4
51067,53.1
51069,72.3
51071,66.7
51073,88.7
51075,66.3
51077,63.6
51079,62.5
51081,81.5
51083,58.7
51085,80.7
51087,57.2
51089,69.9
51091,* 
51093,63
51095,42.8
51097,80.1
51099,92.7
51101,60.8
51103,58.5
51105,82.4
51107,40.8
51109,80
51111,67.5
51113,81.9
51115,64.6
51117,75.2
51119,79.4
51121,54
51125,92
51127,76.4
51131,83.6
51133,71.6
51135,67.6
51137,77.8
51139,66.1
51141,51.2
51143,59.3
51145,65.8
51147,53.3
51149,65.2
51153,48.4
51155,62.8
51157,65.2
51159,72.9
51161,55.2
51163,32
51165,49.4
51167,63.5
51169,72.1
51171,67.4
51173,92
51175,63.8
51177,68.2
51179,77.4
51181,60.9
51183,90.7
51185,67.6
51187,72.1
51191,75.6
51193,74.7
51195,84.3
51197,74.7
51199,48.4
51510,28.8
51520,54.6
51530,107.3
51540,114.7
51550,71.6
51570,69.5
51580,167
51590,92.4
51595,56.2
51600,26.5
51610,44.8
51620,82.8
51630,95.1
51640,80.2
51650,76.8
51660,91.2
51670,89.5
51678,110.1
51680,75.9
51683,55.1
51685,* 
51690,70.8
51700,75.2
51710,75.6
51720,100.5
51730,113.1
51735,50.2
51740,78.3
51750,87.3
51760,76.1
51770,95.5
51775,71.5
51790,96.8
51800,68.3
51810,67.5
51820,88.3
51830,127.9
51840,57.1
51917,58.4
53001,37
53003,66.8
53005,59.9
53007,49.8
53009,69.6
53011,62.1
53013,62.2
53015,66.3
53017,42
53019,46
53021,52.7
53023,* 
53025,57.1
53027,81.9
53029,48.2
53031,55.7
53033,51.8
53035,60.5
53037,47.4
53039,47.6
53041,61.9
53043,60.9
53045,75.9
53047,62.8
53049,62
53051,74.9
53053,76.1
53055,34.8
53057,63.1
53059,47.7
53061,64.1
53063,59.8
53065,58.7
53067,63.8
53069,55.4
53071,53.4
53073,59.8
53075,41.7
53077,57.6
54001,58.8
54003,83.7
54005,111.8
54007,72.4
54009,64.7
54011,89.9
54013,90.9
54015,99.8
54017,40
54019,87.6
54021,46.8
54023,52.7
54025,67.8
54027,83.8
54029,78.9
54031,68.8
54033,87.3
54035,74.3
54037,71
54039,87.3
54041,100.1
54043,111.5
54045,115.7
54047,103.9
54049,77.5
54051,72.8
54053,87.6
54055,84
54057,82.3
54059,106.5
54061,65.9
54063,63.3
54065,68.9
54067,67.5
54069,73.5
54071,44.2
54073,98.3
54075,78.2
54077,68.1
54079,76.1
54081,81
54083,63.3
54085,105.7
54087,76.5
54089,54.1
54091,72.2
54093,75.3
54095,81
54097,74
54099,89.5
54101,94.6
54103,87
54105,78.8
54107,81.9
54109,90.3
55001,85.7
55003,71.4
55005,58.9
55007,54.9
55009,57.9
55011,52.4
55013,75.7
55015,53.3
55017,65.8
55019,52.3
55021,64.3
55023,62.4
55025,54.3
55027,58.6
55029,53.8
55031,58.1
55033,45.4
55035,57.1
55037,66.5
55039,60.7
55041,94.7
55043,51.5
55045,58.6
55047,53.7
55049,56
55051,79.3
55053,69
55055,56.2
55057,67.5
55059,73.1
55061,50.7
55063,60.4
55065,47.5
55067,64.2
55069,64.1
55071,52.2
55073,48.8
55075,72.3
55077,76.3
55078,80.9
55079,71.1
55081,77.3
55083,76.5
55085,78.2
55087,54.8
55089,49.4
55091,53.4
55093,37.6
55095,52.3
55097,54.3
55099,58
55101,69.5
55103,57.7
55105,74.9
55107,76
55109,45.4
55111,57.3
55113,67.3
55115,55
55117,60.6
55119,47.4
55121,57.9
55123,55
55125,66.9
55127,64
55129,71.5
55131,57.3
55133,54.6
55135,64.7
55137,72
55139,62.2
55141,57.4
56001,40.8
56003,41.8
56005,53.1
56007,58.4
56009,58.3
56011,46.2
56013,45.7
56015,52.5
56017,75.8
56019,38.2
56021,52.1
56023,32.1
56025,58.2
56027,* 
56029,36.3
56031,52
56033,52
56035,* 
56037,39.9
56039,23.7
56041,31.7
56043,50
56045,44.9
